sample	contig	position	ref	alt	primer_name	amplicon	depth
E58	MN908947.3	5886	C	T	nCoV-2019_20_LEFT	nCoV-2019_20	7730.8144531
E58	MN908947.3	17690	C	T	nCoV-2019_59_LEFT	nCoV-2019_59	144.6048737
E55	MN908947.3	321	C	T	nCoV-2019_2_LEFT	nCoV-2019_2	20664.7968750
E55	MN908947.3	9267	G	A	nCoV-2019_30_RIGHT	nCoV-2019_30	13257.8369141
E55	MN908947.3	17746	C	T	nCoV-2019_58_RIGHT	nCoV-2019_58	10616.7929688
E55	MN908947.3	22632	G	A	nCoV-2019_74_RIGHT	nCoV-2019_74	773.7000122
E55	MN908947.3	29508	G	T	nCoV-2019_98_LEFT	nCoV-2019_98	873.7202759
E14	MN908947.3	17690	C	T	nCoV-2019_59_LEFT	nCoV-2019_59	202.3658600
E65	MN908947.3	17690	C	T	nCoV-2019_59_LEFT	nCoV-2019_59	32.9219513
E51	MN908947.3	321	C	T	nCoV-2019_2_LEFT	nCoV-2019_2	22155.3613281
E51	MN908947.3	9491	C	T	nCoV-2019_32_LEFT	nCoV-2019_32	141.2210999
E51	MN908947.3	21432	T	C	nCoV-2019_70_RIGHT	nCoV-2019_70	13294.6542969
E51	MN908947.3	29670	C	T	nCoV-2019_97_RIGHT	nCoV-2019_97	11704.8984375
E28	MN908947.3	17690	C	T	nCoV-2019_59_LEFT	nCoV-2019_59	202.4829254
E6	MN908947.3	17690	C	T	nCoV-2019_59_LEFT	nCoV-2019_59	24.9609756
E20	MN908947.3	17690	C	T	nCoV-2019_59_LEFT	nCoV-2019_59	3589.6828613
E78	MN908947.3	28089	G	T	nCoV-2019_93_LEFT	nCoV-2019_93	16703.9003906
E30	MN908947.3	17690	C	T	nCoV-2019_59_LEFT	nCoV-2019_59	385.8926697
E9	MN908947.3	17690	C	T	nCoV-2019_59_LEFT	nCoV-2019_59	42.0146332
E3	MN908947.3	12484	C	T	nCoV-2019_41_RIGHT	nCoV-2019_41	1388.7639160
E3	MN908947.3	17690	C	T	nCoV-2019_59_LEFT	nCoV-2019_59	8.2878046
E3	MN908947.3	25673	T	C	nCoV-2019_84_RIGHT	nCoV-2019_84	14855.2197266
E3	MN908947.3	25904	C	T	nCoV-2019_86_LEFT	nCoV-2019_86	276.2463074
E47	MN908947.3	17690	C	T	nCoV-2019_59_LEFT	nCoV-2019_59	151.8585358
E70	MN908947.3	28093	C	T	nCoV-2019_93_LEFT	nCoV-2019_93	15727.8691406
E67	MN908947.3	17690	C	T	nCoV-2019_59_LEFT	nCoV-2019_59	3016.3852539
E67	MN908947.3	27849	C	T	nCoV-2019_91_RIGHT	nCoV-2019_91	3836.6413574
E57	MN908947.3	17678	C	T	nCoV-2019_59_LEFT	nCoV-2019_59	78.0000000
E57	MN908947.3	18657	C	T	nCoV-2019_61_RIGHT	nCoV-2019_61	22867.7578125
E57	MN908947.3	25673	T	C	nCoV-2019_84_RIGHT	nCoV-2019_84	20367.1718750
E77	MN908947.3	17690	C	T	nCoV-2019_59_LEFT	nCoV-2019_59	3522.3562012
E34	MN908947.3	9491	C	T	nCoV-2019_32_LEFT	nCoV-2019_32	135.8291473
E34	MN908947.3	17690	C	T	nCoV-2019_59_LEFT	nCoV-2019_59	162.8878021
E40	MN908947.3	321	C	T	nCoV-2019_2_LEFT	nCoV-2019_2	21278.6718750
E7	MN908947.3	17690	C	T	nCoV-2019_59_LEFT	nCoV-2019_59	1880.3658447
E46	MN908947.3	8320	C	T	nCoV-2019_27_RIGHT	nCoV-2019_27	4607.5043945
E46	MN908947.3	25673	T	C	nCoV-2019_84_RIGHT	nCoV-2019_84	39994.3398438
E24	MN908947.3	17690	C	T	nCoV-2019_59_LEFT	nCoV-2019_59	1282.5024414
E52	MN908947.3	25673	T	C	nCoV-2019_84_RIGHT	nCoV-2019_84	29817.8886719
E52	MN908947.3	29289	T	G	nCoV-2019_97_LEFT	nCoV-2019_97	8995.6943359
E52	MN908947.3	29358	C	AA,A	nCoV-2019_96_RIGHT	nCoV-2019_96	16.0355549
E68	MN908947.3	13965	C	T	nCoV-2019_46_RIGHT	nCoV-2019_46	15878.1230469
E68	MN908947.3	21365	C	T	nCoV-2019_71_LEFT	nCoV-2019_71	3892.5024414
E37	MN908947.3	4655	C	T	nCoV-2019_16_LEFT	nCoV-2019_16	6337.5141602
E37	MN908947.3	17690	C	T	nCoV-2019_59_LEFT	nCoV-2019_59	318.7561035
E39	MN908947.3	10097	G	A	nCoV-2019_34_LEFT	nCoV-2019_34	3202.2407227
E39	MN908947.3	13625	A	G	nCoV-2019_46_LEFT_alt1	nCoV-2019_46	39106.9140625
E11	MN908947.3	17977	C	T	nCoV-2019_60_LEFT	nCoV-2019_60	1986.7067871
E22	MN908947.3	23126	G	T	nCoV-2019_77_LEFT	nCoV-2019_77	14875.2968750
E59	MN908947.3	25673	T	C	nCoV-2019_84_RIGHT	nCoV-2019_84	25620.5390625
E59	MN908947.3	27786	T	C	nCoV-2019_92_LEFT	nCoV-2019_92	8380.0927734
E50	MN908947.3	17690	C	T	nCoV-2019_59_LEFT	nCoV-2019_59	40.7414627
E41	MN908947.3	14551	T	C	nCoV-2019_49_LEFT	nCoV-2019_49	6884.9243164
E41	MN908947.3	17690	C	T	nCoV-2019_59_LEFT	nCoV-2019_59	14.2195120
E35	MN908947.3	17690	C	T	nCoV-2019_59_LEFT	nCoV-2019_59	21.4146347
E53	MN908947.3	17690	C	T	nCoV-2019_59_LEFT	nCoV-2019_59	271.0634155
E64	MN908947.3	13965	C	T	nCoV-2019_46_RIGHT	nCoV-2019_46	12606.1093750
E64	MN908947.3	21365	C	T	nCoV-2019_71_LEFT	nCoV-2019_71	7227.5615234
E64	MN908947.3	27207	T	C	nCoV-2019_89_RIGHT	nCoV-2019_89	11656.4082031
E75	MN908947.3	17690	C	T	nCoV-2019_59_LEFT	nCoV-2019_59	495.0195007
E66	MN908947.3	13965	C	T	nCoV-2019_46_RIGHT	nCoV-2019_46	21637.4238281
E66	MN908947.3	21365	C	T	nCoV-2019_71_LEFT	nCoV-2019_71	4324.2167969
E66	MN908947.3	27207	T	C	nCoV-2019_89_RIGHT	nCoV-2019_89	2360.3464355
E60	MN908947.3	321	C	T	nCoV-2019_2_LEFT	nCoV-2019_2	24140.0214844
E60	MN908947.3	25673	T	C	nCoV-2019_84_RIGHT	nCoV-2019_84	26029.7753906
E19	MN908947.3	29358	C	A	nCoV-2019_96_RIGHT	nCoV-2019_96	1.3511111
E16	MN908947.3	17690	C	T	nCoV-2019_59_LEFT	nCoV-2019_59	1557.8585205
E16	MN908947.3	29366	C	T	nCoV-2019_96_RIGHT	nCoV-2019_96	4371.7646484
E15	MN908947.3	17690	C	T	nCoV-2019_59_LEFT	nCoV-2019_59	558.9219360
E18	MN908947.3	17690	C	T	nCoV-2019_59_LEFT	nCoV-2019_59	3047.0341797
E73	MN908947.3	321	C	T	nCoV-2019_2_LEFT	nCoV-2019_2	29764.8750000
