contig	position	ref	alt	primer_name	amplicon	num_samples	mean_depth	min_depth	max_depth
MN908947.3	1947	T	C	nCoV-2019_6_RIGHT	nCoV-2019_6	34	4376.01	3.52	12843.31
MN908947.3	17977	C	T	nCoV-2019_60_LEFT	nCoV-2019_60	17	10236.43	1680.90	24977.08
MN908947.3	28093	C	T	nCoV-2019_93_LEFT	nCoV-2019_93	29	22224.89	1429.41	54529.94
MN908947.3	7038	G	A	nCoV-2019_24_LEFT	nCoV-2019_24	5	5481.19	26.45	10975.69
MN908947.3	26589	G	T	nCoV-2019_87_RIGHT	nCoV-2019_87	7	27601.01	9911.41	43534.15
MN908947.3	26840	G	A	nCoV-2019_89_LEFT	nCoV-2019_89	7	6088.06	229.12	12589.15
MN908947.3	7113	C	T	nCoV-2019_23_RIGHT	nCoV-2019_23	3	9527.89	9125.51	10022.01
MN908947.3	25907	G	T	nCoV-2019_86_LEFT	nCoV-2019_86	17	2792.17	166.87	6625.24
MN908947.3	322	TG	T	nCoV-2019_2_LEFT	nCoV-2019_2	45	18679.57	2075.69	46058.12
MN908947.3	3773	C	T	nCoV-2019_13_LEFT	nCoV-2019_13	10	1954.33	43.54	4772.27
MN908947.3	9561	C	T	nCoV-2019_31_RIGHT	nCoV-2019_31	1	2.00	2.00	2.00
MN908947.3	25669	C	T	nCoV-2019_84_RIGHT	nCoV-2019_84	1	16728.29	16728.29	16728.29
MN908947.3	6731	A	G	nCoV-2019_23_LEFT	nCoV-2019_23	12	4243.63	123.75	7528.62
MN908947.3	12781	C	T	nCoV-2019_42_RIGHT	nCoV-2019_42	2	5656.88	4687.96	6625.81
MN908947.3	12121	A	G	nCoV-2019_41_LEFT	nCoV-2019_41	14	10604.56	1446.11	20514.40
MN908947.3	2836	C	T	nCoV-2019_10_LEFT	nCoV-2019_10	1	12299.55	12299.55	12299.55
MN908947.3	21724	G	T	nCoV-2019_71_RIGHT	nCoV-2019_71	1	2332.58	2332.58	2332.58
MN908947.3	25000	C	T	nCoV-2019_83_LEFT	nCoV-2019_83	1	7373.72	7373.72	7373.72
MN908947.3	26849	G	T	nCoV-2019_89_LEFT	nCoV-2019_89	1	5787.92	5787.92	5787.92
MN908947.3	29358	C	T	nCoV-2019_96_RIGHT	nCoV-2019_96	2	725.49	7.99	1442.99
MN908947.3	21974	G	T	nCoV-2019_73_LEFT	nCoV-2019_73	1	6113.50	6113.50	6113.50
MN908947.3	6262	T	C	nCoV-2019_20_RIGHT	nCoV-2019_20	2	5079.15	2323.11	7835.19
MN908947.3	13601	GT	G	nCoV-2019_46_LEFT	nCoV-2019_46	1	28127.85	28127.85	28127.85
MN908947.3	23124	CA	C	nCoV-2019_77_LEFT	nCoV-2019_77	2	13918.63	12438.79	15398.46
MN908947.3	3832	C	T	nCoV-2019_12_RIGHT	nCoV-2019_12	1	12733.75	12733.75	12733.75
MN908947.3	5629	G	T	nCoV-2019_18_RIGHT	nCoV-2019_18	1	12248.31	12248.31	12248.31
MN908947.3	25354	G	T	nCoV-2019_83_RIGHT	nCoV-2019_83	1	4012.64	4012.64	4012.64
MN908947.3	28451	G	T	nCoV-2019_93_RIGHT	nCoV-2019_93	1	38.59	38.59	38.59
MN908947.3	28087	C	T	nCoV-2019_93_LEFT	nCoV-2019_93	2	5773.41	4508.18	7038.64
MN908947.3	8655	C	T	nCoV-2019_28_RIGHT	nCoV-2019_28	1	80.65	80.65	80.65
MN908947.3	6865	G	T	nCoV-2019_22_RIGHT	nCoV-2019_22	1	8017.43	8017.43	8017.43
MN908947.3	17678	C	T	nCoV-2019_59_LEFT	nCoV-2019_59	1	5373.17	5373.17	5373.17
MN908947.3	23455	T	C	nCoV-2019_78_LEFT	nCoV-2019_78	1	1707.53	1707.53	1707.53
MN908947.3	29311	C	T	nCoV-2019_97_LEFT	nCoV-2019_97	3	2144.17	1943.28	2468.91
MN908947.3	19554	C	T	nCoV-2019_65_LEFT	nCoV-2019_65	4	6266.78	3988.56	8780.37
MN908947.3	25609	C	A	nCoV-2019_85_LEFT	nCoV-2019_85	5	1813.62	328.55	3631.40
MN908947.3	10097	G	A	nCoV-2019_34_LEFT	nCoV-2019_34	9	1904.53	1162.41	2877.27
MN908947.3	10449	C	T	nCoV-2019_34_RIGHT	nCoV-2019_34	1	2877.27	2877.27	2877.27
MN908947.3	26894	C	T	nCoV-2019_88_RIGHT	nCoV-2019_88	1	4638.87	4638.87	4638.87
MN908947.3	15540	C	T	nCoV-2019_51_RIGHT	nCoV-2019_51	2	12192.38	11455.06	12929.71
MN908947.3	643	C	T	nCoV-2019_3_LEFT	nCoV-2019_3	9	17926.86	2431.80	30713.12
MN908947.3	5284	C	T	nCoV-2019_18_LEFT_alt2	nCoV-2019_18	9	6409.91	25.71	16722.09
MN908947.3	5884	C	T	nCoV-2019_20_LEFT	nCoV-2019_20	9	5833.36	955.48	7790.23
MN908947.3	26842	G	A	nCoV-2019_89_LEFT	nCoV-2019_89	9	7834.95	112.95	15972.04
MN908947.3	10084	T	C	nCoV-2019_34_LEFT	nCoV-2019_34	10	10590.21	1992.57	32573.83
MN908947.3	8260	T	C	nCoV-2019_28_LEFT	nCoV-2019_28	1	3976.09	3976.09	3976.09
MN908947.3	10171	A	C	nCoV-2019_33_RIGHT	nCoV-2019_33	2	3.35	2.44	4.27
MN908947.3	321	C	G	nCoV-2019_2_LEFT	nCoV-2019_2	1	3.35	3.35	3.35
MN908947.3	4960	G	T	nCoV-2019_17_LEFT	nCoV-2019_17	1	2047.00	2047.00	2047.00
MN908947.3	14551	T	C	nCoV-2019_49_LEFT	nCoV-2019_49	1	16614.69	16614.69	16614.69
MN908947.3	22273	G	A	nCoV-2019_74_LEFT	nCoV-2019_74	1	2021.21	2021.21	2021.21
MN908947.3	22020	T	C	nCoV-2019_72_RIGHT	nCoV-2019_72	1	15226.83	15226.83	15226.83
MN908947.3	27522	T	C	nCoV-2019_90_RIGHT	nCoV-2019_90	1	2268.15	2268.15	2268.15
MN908947.3	1943	C	T	nCoV-2019_6_RIGHT	nCoV-2019_6	1	6647.95	6647.95	6647.95
MN908947.3	1959	C	T	nCoV-2019_6_RIGHT	nCoV-2019_6	1	6647.95	6647.95	6647.95
MN908947.3	3784	C	T	nCoV-2019_13_LEFT	nCoV-2019_13	1	1664.06	1664.06	1664.06
MN908947.3	13975	G	T	nCoV-2019_46_RIGHT	nCoV-2019_46	1	27213.53	27213.53	27213.53
MN908947.3	5869	C	T	nCoV-2019_20_LEFT	nCoV-2019_20	1	6483.82	6483.82	6483.82
MN908947.3	12241	C	T	nCoV-2019_40_RIGHT	nCoV-2019_40	1	2495.86	2495.86	2495.86
MN908947.3	7095	C	T	nCoV-2019_23_RIGHT	nCoV-2019_23	1	4819.09	4819.09	4819.09
MN908947.3	14583	C	T	nCoV-2019_48_RIGHT	nCoV-2019_48	1	1361.68	1361.68	1361.68
MN908947.3	18905	G	A	nCoV-2019_63_LEFT	nCoV-2019_63	4	7588.74	4652.07	12096.14
MN908947.3	20237	G	T	nCoV-2019_66_RIGHT	nCoV-2019_66	4	243.84	105.99	396.02
MN908947.3	8968	A	G	nCoV-2019_29_RIGHT	nCoV-2019_29	1	7.96	7.96	7.96
MN908947.3	10446	G	T	nCoV-2019_34_RIGHT	nCoV-2019_34	1	1896.98	1896.98	1896.98
MN908947.3	14866	G	T	nCoV-2019_50_LEFT	nCoV-2019_50	1	43.52	43.52	43.52
MN908947.3	20812	C	T	nCoV-2019_69_LEFT	nCoV-2019_69	1	1743.52	1743.52	1743.52
MN908947.3	25357	C	A	nCoV-2019_83_RIGHT	nCoV-2019_83	1	117.59	117.59	117.59
MN908947.3	10747	C	T	nCoV-2019_35_RIGHT	nCoV-2019_35	1	10454.70	10454.70	10454.70
MN908947.3	17745	C	T	nCoV-2019_58_RIGHT	nCoV-2019_58	1	6211.63	6211.63	6211.63
MN908947.3	22033	C	A	nCoV-2019_72_RIGHT	nCoV-2019_72	1	11610.76	11610.76	11610.76
MN908947.3	24097	T	C	nCoV-2019_80_LEFT	nCoV-2019_80	1	1082.62	1082.62	1082.62
MN908947.3	28167	G	A	nCoV-2019_92_RIGHT	nCoV-2019_92	1	7629.53	7629.53	7629.53
MN908947.3	11048	GT	G	nCoV-2019_36_RIGHT	nCoV-2019_36	1	2.80	2.80	2.80
MN908947.3	17694	T	C	nCoV-2019_59_LEFT	nCoV-2019_59	1	18.80	18.80	18.80
MN908947.3	11941	C	A	nCoV-2019_39_RIGHT	nCoV-2019_39	1	14002.25	14002.25	14002.25
MN908947.3	17750	C	T	nCoV-2019_58_RIGHT	nCoV-2019_58	1	5247.62	5247.62	5247.62
MN908947.3	25002	C	T	nCoV-2019_83_LEFT	nCoV-2019_83	1	1269.72	1269.72	1269.72
MN908947.3	10078	C	T	nCoV-2019_34_LEFT	nCoV-2019_34	1	6689.58	6689.58	6689.58
MN908947.3	4069	C	T	nCoV-2019_14_LEFT	nCoV-2019_14	1	3328.71	3328.71	3328.71
MN908947.3	4158	C	T	nCoV-2019_13_RIGHT	nCoV-2019_13	1	693.17	693.17	693.17
MN908947.3	27213	C	T	nCoV-2019_89_RIGHT	nCoV-2019_89	1	1493.49	1493.49	1493.49
MN908947.3	12111	G	A	nCoV-2019_41_LEFT	nCoV-2019_41	1	5385.56	5385.56	5385.56
MN908947.3	714	G	A	nCoV-2019_2_RIGHT	nCoV-2019_2	1	25980.88	25980.88	25980.88
MN908947.3	10741	C	T	nCoV-2019_35_RIGHT	nCoV-2019_35	1	6829.25	6829.25	6829.25
MN908947.3	12794	G	A	nCoV-2019_42_RIGHT	nCoV-2019_42	1	16651.48	16651.48	16651.48
MN908947.3	24774	A	T	nCoV-2019_81_RIGHT	nCoV-2019_81	1	6427.51	6427.51	6427.51
MN908947.3	14599	C	T	nCoV-2019_48_RIGHT	nCoV-2019_48	2	2127.03	1631.50	2622.56
MN908947.3	17444	C	A	nCoV-2019_57_RIGHT	nCoV-2019_57	1	18023.92	18023.92	18023.92
MN908947.3	18060	C	T	nCoV-2019_59_RIGHT	nCoV-2019_59	1	116.69	116.69	116.69
MN908947.3	19220	C	T	nCoV-2019_64_LEFT	nCoV-2019_64	1	8.40	8.40	8.40
MN908947.3	1263	C	T	nCoV-2019_5_LEFT	nCoV-2019_5	1	1612.73	1612.73	1612.73
MN908947.3	4643	G	A	nCoV-2019_16_LEFT	nCoV-2019_16	1	12753.20	12753.20	12753.20
MN908947.3	19602	C	T	nCoV-2019_64_RIGHT	nCoV-2019_64	1	155.11	155.11	155.11
MN908947.3	4683	C	T	nCoV-2019_15_RIGHT	nCoV-2019_15	2	2955.88	699.53	5212.23
MN908947.3	6195	C	T	nCoV-2019_21_LEFT	nCoV-2019_21	1	60.48	60.48	60.48
MN908947.3	17083	C	T	nCoV-2019_57_LEFT	nCoV-2019_57	1	198.91	198.91	198.91
MN908947.3	18653	GCAC	G	nCoV-2019_61_RIGHT	nCoV-2019_61	1	288.40	288.40	288.40
MN908947.3	21090	C	T	nCoV-2019_70_LEFT	nCoV-2019_70	1	2597.00	2597.00	2597.00
MN908947.3	25673	T	C	nCoV-2019_84_RIGHT	nCoV-2019_84	2	42966.71	30251.87	55681.54
MN908947.3	12784	C	T	nCoV-2019_42_RIGHT	nCoV-2019_42	1	15180.80	15180.80	15180.80
MN908947.3	2894	G	A	nCoV-2019_9_RIGHT	nCoV-2019_9	1	12068.73	12068.73	12068.73
MN908947.3	9257	G	A	nCoV-2019_30_RIGHT	nCoV-2019_30	1	6583.30	6583.30	6583.30
MN908947.3	9479	G	T	nCoV-2019_32_LEFT	nCoV-2019_32	1	603.13	603.13	603.13
MN908947.3	11868	C	T	nCoV-2019_40_LEFT	nCoV-2019_40	1	1711.56	1711.56	1711.56
MN908947.3	27827	G	T	nCoV-2019_91_RIGHT	nCoV-2019_91	1	141.94	141.94	141.94
MN908947.3	28693	T	C	nCoV-2019_95_LEFT	nCoV-2019_95	1	528.54	528.54	528.54
MN908947.3	19862	C	T	nCoV-2019_66_LEFT	nCoV-2019_66	1	34.42	34.42	34.42
MN908947.3	20237	G	A	nCoV-2019_66_RIGHT	nCoV-2019_66	1	34.42	34.42	34.42
MN908947.3	955	C	T	nCoV-2019_4_LEFT	nCoV-2019_4	1	13267.71	13267.71	13267.71
MN908947.3	10369	C	T	nCoV-2019_35_LEFT	nCoV-2019_35	1	3779.23	3779.23	3779.23
MN908947.3	2577	G	A	nCoV-2019_8_RIGHT	nCoV-2019_8	1	5442.01	5442.01	5442.01
MN908947.3	17973	A	G	nCoV-2019_60_LEFT	nCoV-2019_60	1	14026.71	14026.71	14026.71
MN908947.3	12128	G	A	nCoV-2019_41_LEFT	nCoV-2019_41	2	5496.67	1214.93	9778.41
MN908947.3	14283	AC	A	nCoV-2019_47_RIGHT	nCoV-2019_47	1	1002.89	1002.89	1002.89
MN908947.3	29503	C	T	nCoV-2019_98_LEFT	nCoV-2019_98	1	1.65	1.65	1.65
MN908947.3	7042	G	T	nCoV-2019_24_LEFT	nCoV-2019_24	1	512.71	512.71	512.71
MN908947.3	21990	TTTA	T	nCoV-2019_73_LEFT	nCoV-2019_73	1	175.86	175.86	175.86
MN908947.3	28095	A	T	nCoV-2019_93_LEFT	nCoV-2019_93	1	24446.59	24446.59	24446.59
MN908947.3	15495	C	T	nCoV-2019_52_LEFT	nCoV-2019_52	1	7737.86	7737.86	7737.86
MN908947.3	18267	C	T	nCoV-2019_61_LEFT	nCoV-2019_61	1	4161.00	4161.00	4161.00
MN908947.3	17135	C	A	nCoV-2019_56_RIGHT	nCoV-2019_56	1	15891.12	15891.12	15891.12
MN908947.3	7330	A	G	nCoV-2019_25_LEFT	nCoV-2019_25	1	15727.15	15727.15	15727.15
MN908947.3	24781	G	T	nCoV-2019_81_RIGHT	nCoV-2019_81	1	2455.41	2455.41	2455.41
MN908947.3	28402	A	G	nCoV-2019_94_LEFT	nCoV-2019_94	1	3546.35	3546.35	3546.35
MN908947.3	22029	A	T	nCoV-2019_72_RIGHT	nCoV-2019_72	1	1116.62	1116.62	1116.62
MN908947.3	28089	GGTTCTA	G	nCoV-2019_93_LEFT	nCoV-2019_93	1	8642.52	8642.52	8642.52
