sample	amp1	amp2	amp3	amp4	amp5	amp6	amp7	amp8	amp9	amp10	amp11	amp12	amp13	amp14	amp15	amp16	amp17	amp18	amp19	amp20	amp21	amp22	amp23	amp24	amp25	amp26	amp27	amp28	amp29	amp30	amp31	amp32	amp33	amp34	amp35	amp36	amp37	amp38	amp39	amp40	amp41	amp42	amp43	amp44	amp45	amp46	amp47	amp48	amp49	amp50	amp51	amp52	amp53	amp54	amp55	amp56	amp57	amp58	amp59	amp60	amp61	amp62	amp63	amp64	amp65	amp66	amp67	amp68	amp69	amp70	amp71	amp72	amp73	amp74	amp75	amp76	amp77	amp78	amp79	amp80	amp81	amp82	amp83	amp84	amp85	amp86	amp87	amp88	amp89	amp90	amp91	amp92	amp93	amp94	amp95	amp96	amp97	amp98
E10	757.2781982	16248.25	17392.7421875	17996.28125	8000.5170898	4229.2763672	3431.6682129	6212.2382812	2355.2478027	10375.6162109	11269.0517578	9119.9912109	368.0628357	17430.1621094	5675.2202148	9939.5888672	5162.2583008	6624.9174805	1974.7264404	6545.1142578	4576.8662109	11034.7861328	9080.1230469	5581.574707	11344.9238281	2932.1806641	10864.7216797	3055.3032227	543.7004395	12918.4208984	1512.7426758	2060.9448242	10192.6328125	17748.1621094	9150.5019531	545.3516846	13570.5947266	4746.8510742	12276.9589844	13823.8261719	8184.6894531	13237.3134766	6231.359375	21331.4785156	1628.7386475	18328.1738281	17146.7753906	4406.6586914	13564.3369141	11031.8408203	8347.6123047	14021.9472656	18602.6464844	6975.4106445	11788.3828125	6975.2412109	14900.8867188	14618.2255859	2805.2683105	14329.1728516	13631.3466797	16485.0136719	12869.7109375	2344.1115723	5322.7236328	1909.1330566	8589.2441406	10534.6826172	8727.8701172	10956.5478516	5552.6352539	12907.4589844	3528.2143555	2919.182373	18468.6660156	548.6803589	17523.3886719	7178.8466797	8159.3378906	5032.2070312	6306.6157227	12062.2587891	7957.8520508	15327.9179688	790.5240479	3408.8916016	16476.9121094	9414.546875	2793.8991699	14007.8720703	810.3545532	9870.2382812	15132.0537109	4312.7651367	11699.4951172	4290.6665039	8231.1298828	4387.4267578
E11	328.9736938	13312.25	19147.6035156	31107.4023438	7454.2329102	784.9539185	437.239624	3766.480957	304.222229	3290.4208984	7172.6362305	2280.5041504	32.2617798	14628.46875	1318.7097168	2819.9753418	1126.539917	576.5578613	119.4304962	4830.6191406	280.5412292	18832.9765625	8525.96875	477.9308472	5081.1328125	1991.5220947	4957.0219727	359.5	4.3920703	14004.7197266	57.5970879	311.8241272	5536.5825195	15246.0839844	5819.0581055	16.4152546	20374.0566406	2403.956543	23198.1933594	10591.9189453	2181.3105469	6514.3271484	1708.3497314	8525.7675781	44.9346733	7949.4658203	13060.0224609	2834.9755859	8818.0341797	3922.5305176	3265.1574707	15204.5693359	12235.8837891	1398.0145264	19379.5761719	2224.3706055	11494.4501953	9559.3242188	271.3999939	1986.7067871	22508.3945312	31610.9414062	12557.390625	847.5896606	1707.574585	543.5665283	12659.3408203	8192.8828125	11669.9677734	5766.5639648	1985.0344238	12204.8994141	490.7321472	1504.894165	45900.1640625	30.5753422	21014.8027344	4611.2695312	1543	2219.4638672	3175.1003418	25274.1914062	5304.3051758	24947.3242188	164.5152893	262.0788269	28139.4589844	10266.5673828	1076.8377686	17200.078125	62.4103584	7575.5727539	27668.6933594	1271.4976807	5746.5776367	523.8444214	2743.1481934	389.5174866
E12	395.6917419	16262.7802734	19831.1621094	23233.6308594	11076.8095703	2333.8754883	1585.1936035	5327.527832	1275.0384521	7256.5957031	13346.2958984	5400.9165039	157.0733032	17752.7851562	5195.0375977	7086.1479492	3870.713623	2718.673584	744.1973267	7171.9951172	1914.2474365	17082.1015625	13111.8828125	2896.5266113	11561.4648438	2668.1083984	10811.3212891	1485.4842529	58.6079292	14570.1494141	440.3058167	535.3015137	12397.2939453	19036.890625	9285.6230469	74.9830475	19386.9746094	2904.3044434	21811.6992188	16417.0117188	6590.7700195	12929.4501953	5286.6796875	18350.1367188	335.3869324	15449.2148438	20096.8242188	3651.1462402	14275.6513672	8069.5917969	7285.2895508	17661.7011719	18655.6386719	2865.7246094	20586.0722656	5184.375	17965.0917969	12103.0859375	2123.0341797	16556.5859375	21523.8671875	24038.3925781	13503.4980469	1982.6453857	4289.4824219	945.3991699	13945.6308594	8912.3134766	11418.7138672	10975.3779297	3205.5910645	12805.8261719	1353.5446777	2128.6352539	35951.7148438	133.3561707	24762.15625	6918.3745117	5069.605957	3854.4865723	5941.9082031	17020.6503906	8051.2021484	20632.4960938	749.5065308	1452.0493164	24003.8535156	10356.4902344	1183.0350342	16690.0546875	170.7808838	10195.3300781	23152.0273438	1989.5164795	11010.359375	926.2888794	6046.7036133	1366.4825439
E13	364.5075073	13913.7753906	12529.4052734	19008.8691406	9799.8349609	5776.7416992	3546.5300293	7476.1616211	3004.064209	9684.7128906	12167.5283203	8265.7333984	735.7800903	17587.953125	5939.8549805	8939.0615234	7560.1879883	5908.4423828	3486.7265625	8254.2333984	6414.5668945	14160.8984375	11851.9257812	5031.4360352	12587.3125	3209.3132324	10899.0605469	2674.3188477	678.6079102	11627.7285156	1002.1796265	1056.7186279	12094.0869141	14713.4189453	8272.9472656	239.7711792	13378.8623047	3539.9255371	13338.6708984	13809.9501953	8059.8881836	11476.5185547	6448.487793	16616.0039062	1154.2813721	14562.7353516	15802.6142578	4040.4511719	11728.875	7431.3305664	7823.6640625	14455.8427734	14754.7285156	4328.8261719	14829.0546875	6015.3188477	14024.5761719	11186.265625	2593.1901855	13622.8955078	13344.0205078	15867.2636719	12267.9111328	2862.2351074	6430.9516602	1653.3862305	11194.3457031	9591.8408203	9908.8486328	10704.9785156	5518.3544922	11787.6376953	4504.2680664	2883.9411621	23359.6933594	369.1506958	18767.4941406	7324.809082	7906.3896484	4351.8647461	7716.2924805	14890.2802734	7529.6503906	15813.9824219	483.1921387	3764.7487793	11406.2490234	10762.4326172	1865.3771973	16729.6523438	1427.2589111	10510.5810547	10967.3466797	3991.5869141	11230.7666016	4026.2487793	14506.1855469	3944.3356934
E14	276.6729431	11038.8574219	15254.6816406	18069.2753906	9618.1015625	2717.2856445	1671.6497803	5230.7573242	1438.3504639	6332.3583984	12224.5517578	5903.1582031	304.8324585	14589.7919922	3912.5859375	6406.0454102	4291.2255859	3048.0124512	994.7084961	7179.9760742	2771.2165527	15327.1904297	14537.4814453	2936.3989258	12429.4121094	2674.8273926	10812.3476562	1530.8582764	136.8502197	12252.5976562	378.0970764	949.5125732	10364.3300781	15167.8955078	8195.265625	141.5593262	17045.1386719	2996.3789062	17388.6347656	12008.9072266	6365.3911133	9342.0273438	4946.3793945	13525.9189453	418.9195862	11990.8671875	16776.2871094	4132.7724609	11304.9511719	7055.7797852	7230.340332	13873.5957031	14680.0214844	3443.067627	17884.8652344	5215.3105469	13959.4150391	9494.5722656	202.36586	13088.2460938	18326.9316406	16833.7226562	13864.9375	2143.9482422	5881.2456055	1501.9527588	14763.203125	13190.3134766	11037.9355469	10055.6699219	5232.7685547	11651.4541016	3740.8125	2949.8647461	27847.796875	226.3287659	19819.0742188	6362.168457	7453.4716797	4000.3874512	6488.1264648	15042.8251953	7172.4975586	16034.5732422	471.8034973	2061.6501465	17577.8789062	9130.1835938	964.083313	13816.3837891	614.7052002	8104.3085938	16341.6171875	2158.5961914	7568.5390625	1081.3555908	7880.277832	1126.2237549
E15	150.0977478	5296.5605469	5366.9077148	7522.8457031	4487.4663086	3430.5161133	2031.2626953	4275.3828125	1844.2949219	4378.7333984	5341.6958008	4581.3876953	556.6387329	8948.5078125	2769.3439941	4394.621582	2940.0656738	3580.6445312	1933.1658936	4438.2714844	3942.3144531	7004.1489258	6653.7714844	3570.2287598	6074.8481445	1368.3895264	5582.5302734	2271.8347168	486.8370056	5135.8779297	453.7475586	762.5326538	5094.4726562	5885.6176758	4160.1640625	282.6313477	5899.3144531	1961.9689941	6084.2177734	6205.6088867	4078.8571777	4790.1635742	3173.3349609	8177.8105469	785.2462158	7740.0136719	6570.184082	2337.142334	5631.019043	4486.0898438	3613.8596191	6696.074707	6437.1635742	3104.6474609	6516.3193359	4020.3964844	5962.3842773	5509.1352539	558.921936	6003.6230469	6388.7944336	5834.8618164	5952.1464844	1504.6693115	3558.9956055	1695.2703857	6294.2993164	6557.4018555	4423.5786133	5357.2553711	3684.5959473	5747.8623047	3516.9553223	1748.8529053	9581.8095703	367.7077637	7700.4018555	3843.7490234	4771.8266602	2859.8288574	4116.5678711	5827.1904297	2705.6896973	6572.0214844	468.3318787	2437.0197754	7118.9707031	4692.175293	1045.2675781	7372.2373047	861.6494141	4162.6826172	5781.265625	1354.5258789	4009.4223633	2472.4177246	4765.0092773	2006.9090576
E16	742.932312	7511.3061523	4910.7924805	8630.7382812	3008.4619141	5011.5439453	2883.2810059	5976.3491211	2367.7009277	7018.8081055	3479.2600098	7097.3208008	840.680603	11904.4384766	3496.9462891	6932.7861328	2697.7229004	7298.9130859	2257.1569824	5593.5048828	5939.3198242	9350.4580078	3881.2963867	7029.6967773	5009.246582	1686.1967773	4532.1914062	3984.5039062	1781.9603271	6863.737793	1657.4174805	2581.1154785	3950.4724121	9671.6699219	2815.5795898	1134.4194336	4297.4438477	4551.8818359	3848.4294434	8479.2666016	4277.9316406	6724.6181641	3292.182373	13515.5263672	2224.8693848	12941.8398438	5761.0224609	3910.166748	3711.9772949	8356.4648438	3229.8425293	8349.2021484	5501.965332	6422.1206055	4140.6469727	6458.1206055	4934.2358398	8751.5410156	1557.8585205	9672.0527344	3967.5563965	8779.8125	4133.6357422	1860.7490234	3083.0131836	2756.0471191	3658.7097168	6952.8271484	3021.0756836	7345.0107422	2805.8964844	8551.6923828	3012.4106445	3138.9470215	6008.3266602	936.9634399	4850.0874023	4759.5654297	4583.7963867	3748.4775391	3168.5109863	7406.2167969	1919.2265625	7777.5170898	1295.6026611	3704.3891602	3954.0146484	6351.8081055	2375.592041	8591.4150391	1139.8167725	5143.8544922	4309.7026367	3386.6103516	4782.5825195	4371.7646484	4453.4072266	3459.0209961
E18	2826.4924316	6514.6337891	7217.175293	8044.168457	4558.2543945	4837.7280273	8075.175293	5298.1235352	5691.3632812	6698.1542969	5022.0078125	7678.3041992	1790.5496826	15400.9765625	6413.9731445	4651.5927734	4513.4555664	7842.5415039	4802.0405273	5033.1333008	12009.8867188	7728.0356445	6893.265625	8425.1591797	7842.7016602	1909.7469482	7422.2871094	5025.6655273	4383.1323242	6098.7602539	3091.0290527	4721.9248047	4580.0136719	8572.2509766	5565.2705078	2375.6694336	6029.75	6440.4472656	6251.1411133	6924.0185547	5817.7080078	7282.1635742	4901.7094727	14921.6396484	6950.7739258	16042.9130859	9509.9189453	4681.0854492	7768.5229492	8959.7880859	5683.0297852	7019.4379883	8887.9658203	7413.2851562	5629.0166016	6033.7070312	5275.3974609	9243.6708984	3047.0341797	8149.5390625	6136.4594727	6678.1293945	6614.0844727	2153.7729492	4430.0703125	3590.6479492	5195.0966797	6221.0703125	4674.7353516	8438.4150391	6347.9213867	7716.421875	7213.875	3705.8293457	9033.9794922	1337.2237549	8205.0654297	4889.3032227	8185.965332	3711.8647461	4239.2138672	5577.0527344	3726.5861816	6948.5605469	3646.1091309	3529.940918	7536.9755859	4858.0244141	6427.3027344	7972.0776367	2623.6652832	5560.8193359	6172.4638672	3585.0046387	4011.4174805	5006.8535156	4445.1020508	4663.5244141
E19	732.4624023	11857.6289062	16497.1113281	25425.7890625	6402.7075195	1219.0137939	623.2073975	3497.0085449	446.8675232	6046.6333008	7325.855957	3271.3874512	80.2146606	14658.484375	2824.3225098	3795.5307617	1772.7182617	1535.5991211	269.5515747	4575.1855469	1012.9690552	14337.9824219	5546.1171875	1360.0159912	7298.9526367	2762.3574219	6904.9521484	571.2283325	38.0748901	10937.3759766	224.4660187	414.4773865	6329.0869141	13885.6914062	6816.4829102	129.6355896	15442.0175781	2109.0061035	15958.5996094	7461.7329102	3384.3664551	7440.9316406	1795.5172119	10648.6826172	71.6834183	7962.862793	9705.2246094	4035.9633789	8057.6171875	4026.1184082	2835.5234375	13209.8798828	9883.9697266	1026.8018799	13601.1425781	1835.5129395	9933.1748047	6546.1982422	399	9941.6494141	19244.8554688	23178.0039062	11506.1376953	1186.6175537	2110.0876465	575.2746582	8793.8935547	8179.0703125	9348.3193359	5572.4736328	1965.5222168	11569.1835938	932.4107056	1777.1646729	37014.8164062	101.7351608	21523.3183594	3969.7678223	1913.9957275	2613.432373	3238.152832	16761.7304688	4827.8422852	18765.4316406	62.1659393	698.5812988	26430.6640625	9997.0488281	922.4429932	17251.4472656	127.5019913	9092.0839844	24792.6972656	2267.4414062	8462.6210938	1.3511111	4223.5185547	1008.0908813
E20	7899.7143555	12783.1894531	15680.5068359	13639.8408203	5390.7924805	5774.2949219	5399.1108398	6291.5449219	3728.0043945	10669.5205078	8163.0039062	11228.7167969	1077.6962891	16916.8925781	8267.3925781	10874.9755859	4842.3803711	11398.6650391	7384.9057617	5813.6000977	13813.7265625	9834.1787109	4858.8764648	9517.515625	10790.3173828	2682.9477539	11042.921875	5946.1655273	7514.7666016	10104.7832031	7753.5048828	4055.2463379	8391.1738281	16054.2148438	8623.1640625	1813.1313477	10583.8925781	7585.1674805	8073.6118164	12136.2734375	10632.6152344	13064.9951172	7287.0395508	25038.484375	7251.2011719	24101.5839844	15980.5292969	6151.5083008	12623.1855469	13807.5673828	8159.5957031	12496.4873047	17845.5507812	11218.7822266	8142.3237305	9903.3789062	14723.1835938	16341.765625	3589.6828613	13286.7851562	10552.0283203	12351.4199219	11032.09375	2376.3227539	5179.9692383	3728.7897949	5482.0600586	8778.5751953	6728.0864258	11678.8671875	6532.034668	12174.5136719	7778.0625	3419.8352051	13495	1210.0731201	14839.6376953	7228.3408203	9638.1474609	4813.7431641	5751.9780273	8594.5136719	6774.7685547	11363.0390625	2816.0568848	4876.3154297	13126.5019531	8061.0161133	6553.4780273	12655.7119141	2055.378418	8660.5986328	11898.7929688	5770.2016602	9395.0390625	8637.421875	5992.8520508	6837.2519531
E22	192.1691742	4992.9135742	8377.3544922	15872.2099609	7194.8984375	629.4884644	342.2810974	2667.3063965	138.8632507	4967.4375	4286.4960938	1920.2750244	32.1308899	9464.6308594	672.387085	1700.0369873	458.1971741	589.2107544	95.0986557	3230.1428223	299.9072266	11832.4638672	4416.2841797	267.7925415	4020.7109375	1520.269043	5905.6132812	200.051178	9.982379	8083.6108398	69.5873795	396.4974976	6194.8759766	12640.1464844	3370.8115234	11.8983049	14895.5429688	2147.4597168	8662.7060547	9743.8691406	1871.4223633	5736.2910156	1020.8719482	8358.8291016	29.4773865	6682.59375	5895.6142578	4242.4594727	5619.5229492	2475.697998	1494.2935791	10872.1308594	5325.0776367	718.4589233	10699.6972656	872.5301514	6461.6157227	4255.7929688	342.5707397	5532.6806641	19565.8710938	29636.875	4353.6445312	545.3705444	923.7149048	126.6351929	7351.7695312	2206.5888672	7226.1132812	3448.4575195	677.0985107	9876.7382812	212.03125	874.0882568	34844.2109375	68.6757965	14875.296875	2412.9101562	567.8441772	1254.2521973	1543.2926025	19225.4863281	2639.482666	17632.3574219	22.5196514	270.2512207	21788.9023438	6156.0776367	101.8201752	10036.0595703	18.4741039	3616.1188965	23792.8378906	1185.9343262	3134.7814941	66.9377747	3323.2407227	314.6993103
E24	817.9699097	11722.4570312	16259.9628906	16483.8496094	8726.3896484	5190.9033203	3769.6174316	7431.2509766	2702.2351074	10254.2412109	11586.6923828	9337.2753906	450.3036499	17354.0625	7076.2041016	9665.9921875	5956.0048828	6622.4628906	1885.8475342	7536.1904297	5038.6083984	13263.7441406	11327.0800781	6772.4414062	12277.4072266	2749.140625	11023.6826172	3760.8032227	603.6299438	12280.5976562	1751.286377	1523.7889404	10924.9404297	16428.6328125	9022.8505859	456.9533997	14181.4912109	5357.4907227	13366.0292969	14045.1494141	8533.1240234	12121.5185547	6353.2661133	20482.8144531	1664.618042	18954.0683594	17052.8066406	4173.4672852	13282.6210938	10985.7792969	7605.3701172	14322.359375	17446.6425781	6349.7294922	13620.7099609	7516.0864258	13962.6904297	13365.7480469	1282.5024414	15302.7802734	14018.8349609	15527.5048828	12820.5507812	2699.7250977	6403.5966797	2587.291748	11004.1708984	12246.3925781	8964.6699219	13659.8085938	6469.2514648	14144.2705078	4259.9819336	3908.5058594	20297.3339844	587.3242188	17283.3710938	7702.7041016	10263.1083984	5748.7475586	7011.6201172	12455.3388672	7472.5322266	14311.1591797	919.1572266	3719.8078613	16911.7167969	8664.2207031	2927.1535645	14014.6572266	1023.8446045	10319.7929688	14654.6982422	3856.9389648	10090.8984375	4435.8535156	8942.4257812	4714.6152344
E26	715.7969971	13225.0126953	15499.5019531	15580.3876953	8861.1445312	7369.9628906	5007.1430664	8461.9443359	3978.3376465	11071.6582031	12217.9521484	11066.75	813.0576172	19007.3847656	7014.3979492	11203.1074219	7507.4648438	8377.7021484	2696.5471191	7918.2905273	7258.8505859	12535.3515625	11381.5800781	9248.6171875	13629.2939453	3139.5141602	11790.6738281	4717.2045898	1199.1188965	12566.1220703	1979.1699219	2067.5727539	11617.0322266	16090.0947266	9717.9326172	817.4067993	13321.8232422	4979.5654297	12820.0585938	13828.9560547	10665.8759766	12289.7822266	8140.7290039	21134.4121094	2642.3266602	20666.0683594	16563.0761719	4737.8168945	14334.8671875	12438.5019531	9267.4296875	13518.2138672	17265.4824219	8571.7871094	12554.5966797	9112.0341797	14846.9648438	14315.3964844	3162.3464355	15016.4716797	12421.5439453	15064.8574219	13576.4667969	2692.9602051	8296.7460938	3718.1330566	10932.5019531	10922.2568359	9157.3564453	12734.1757812	8536.3837891	13470.7246094	5738.7055664	4217.8530273	18646.1152344	785.420105	16221.2880859	8293.4384766	11022.6972656	6509.2026367	8548.3710938	13469.1269531	8188.4628906	13590.4482422	1265.0916748	5087.6108398	15869.9902344	10432.2939453	3678.5656738	14654.7578125	1738.4940186	10028.4140625	13925.4326172	4454.0795898	10429.3154297	6208.6132812	10229.9726562	5198.0629883
E28	266.8796997	6160.8920898	9567.3037109	10064.1542969	5253.5463867	2241.9492188	1222.1290283	3730.2807617	876.7564087	4725.0249023	7819.3681641	3865.9458008	142.7015686	10480.6074219	2194.6506348	4407.5844727	2175.4038086	2410.3305664	544.3721924	4227.3237305	1394.4536133	8527.6904297	6601.5493164	1864.1489258	6636.4550781	2320.7189941	5246.1870117	1277.1811523	76.96035	7564.0317383	261.9854431	629.2814331	6371.7475586	10155.9736328	4966.5795898	59.6101685	8667.5820312	2198.8261719	8854.1650391	7519.074707	3902.7268066	6427.5043945	3058.8522949	9787.0566406	285.4221191	9702.0048828	8895.8925781	1849.7072754	7132.144043	4820.9467773	3667.0510254	7637.8540039	8545.9228516	1957.3575439	8228.5419922	3411.6464844	7155.4541016	6005.4682617	202.4829254	8662.1308594	9281.6328125	10408.5986328	7682.9067383	1451.3187256	2808.5571289	1185.5793457	7051.8569336	6065.7524414	6877.7890625	5991.0478516	2867.0639648	7428.1879883	1542.8704834	1547.4588623	15001.84375	142.7351532	10031.8125	4215.0336914	3736.1169434	2904.333252	3334.1484375	8865.0585938	4316.8276367	9859.3662109	176.724884	1141.9951172	11354.9755859	6054.0205078	722.1491089	9200.3154297	236.9243011	5531.8896484	10460.0859375	1612.840332	5198.3007812	1110.0666504	4446.3793945	783.4825439
E29	523.0714111	9448.7978516	13668.5302734	15430.6308594	7129.3515625	4066.1245117	2280.7834473	6095.2084961	1544.8760986	8326.8496094	8772.0439453	7540.6083984	329.9424133	15948.1152344	4520.9194336	7549.5141602	4563.9814453	5530.2270508	841.8968506	6090.3666992	2746.1081543	11135.0234375	9499.4316406	4387.1225586	9857.5263672	2846.7670898	9181.3388672	2914.9882812	224.859024	11105.2626953	690.1407471	832.7637939	8887.8349609	14387.1044922	7918.4736328	300.3728943	12631.0390625	3879.515625	11848.6650391	11974.6396484	5932.1552734	10935.8457031	5036.7045898	16967.7109375	812.5427246	18607.2324219	14629.3945312	3371.7683105	11229.7880859	9686.3554688	6701.1914062	12555.5244141	14731.5996094	4226.7392578	12084.3066406	6557.9526367	12754.3017578	10860.6484375	1448.1463623	12825.7167969	12326.2988281	13067.40625	10817.2978516	2570.6533203	4414.0527344	1784.2145996	8807.8291016	9500.6542969	8058.7675781	12572.6494141	5510.6796875	11641.4814453	3407.4196777	2196.3588867	19490.4140625	243.1369934	15874.4238281	6502.3256836	7706.6967773	4036.189209	5149.9433594	9696.328125	6563.3745117	12409.3574219	369.7379761	2644.576416	15093.1513672	7650.1430664	1385.2850342	13771.6845703	513.5179443	8825.3349609	12233.7841797	2789.1923828	7821.1069336	2709.8444824	6530.5556641	2312.8950195
E3	496.6917419	9081.1943359	6796.2119141	11476.1962891	6573.4746094	632.3225708	415.9769592	1787.5106201	189.1752167	4058.3791504	7472.8041992	1634.1999512	60.1204185	8303.0771484	568.8225708	2353.3867188	1114.9155273	842.9586792	57.6950684	4574.5668945	262.8608398	13385.7919922	5312.9628906	820.7180786	5524.862793	2411.7148438	2943.2131348	371.7283325	11.7180614	10610.0185547	34.2961159	184.9246216	6492.4130859	8443.7851562	4602.3188477	15.8728809	10282.9306641	923.2236328	12893.1884766	8141.6831055	1388.763916	4384.9589844	1049.8521729	6606.2177734	18.3567848	6762.2739258	7320.5292969	2597.8942871	4973.75	3215.697998	2793.3618164	7867.3408203	3484.4567871	1150.2125244	9086.7021484	2103.4008789	3863.703125	5345.7612305	8.2878046	7798.8847656	9776.2421875	17912.6347656	5563.8710938	824.5258789	1543.2675781	173.8755341	9741.3505859	2583.7055664	8850.7890625	3125.1223145	1111.4433594	5889.6787109	509.2678528	1022.2352905	29695.5917969	40.7716904	9153.2314453	3284.4306641	1367.026001	2091.9414062	1978.8253174	15177.5927734	2709.2216797	14855.2197266	16.7423573	276.2463074	20019.9863281	7664.7548828	193.7675476	10703.7080078	425.5059814	5502.0263672	18064.9101562	1689.4835205	3062.7282715	206.2177734	1903.8240967	464.5594482
E30	284.2781982	6229.0776367	7883.0737305	9174.8222656	4662.0976562	2490.2719727	1304.1843262	4037.7021484	1025.5939941	5170.8833008	6012.1000977	4329.5166016	144	9147.3388672	2801.220459	5023.2138672	2332.9436035	3100.3676758	526.8699341	3931.5715332	1578.5618896	7341.0595703	6573.277832	3037.3723145	6416.4975586	2129.0722656	5280.4477539	1695.5511475	82.0881042	5987.6333008	468.6601868	1068.2160645	6330.5322266	7978.7539062	5110.1933594	212.8644104	7740.0473633	2491.6149902	7987.4589844	7156.7329102	4082.2856445	6422.1318359	3335.1035156	9884.8339844	343.5527649	9735.2421875	8466.7578125	2552.8537598	7159.8671875	5045.7143555	3755.0212402	6982.2324219	8329.0996094	3001.4492188	7349.5209961	3638.142334	6594.1879883	6598.2119141	385.8926697	7231.9111328	7536.3305664	7923.9375	6930.1464844	1773.5697021	3185.6623535	1388.1760254	6214.6220703	6133.3085938	6245.9946289	6072.2978516	3154.9260254	7202.6054688	1769.5134277	1499.2706299	12647.6943359	313.6347046	9116.2705078	4072.7341309	4278.5585938	2766.689209	3479.6025391	6698.1533203	3962.9555664	8167.3623047	175.716156	1808.3448486	8273.6435547	4912.2734375	992.8464966	8238.8359375	375.5338745	5315.7182617	8582.5585938	1921.8309326	5409.1845703	1876.2711182	4637.8793945	1375.3496094
E31	370.5714417	7657.4355469	10688.5527344	11724.3037109	5910.5424805	2678.7741699	1177.0184326	5031.4467773	792.0640869	6400.3041992	7029.6879883	6034.1166992	164.9685822	12525.4384766	3168.3818359	6025.1274414	3284.3427734	2962.4133301	841.5291748	4793.7807617	2384.4331055	10174.8388672	8346.2900391	3140.6542969	8001.1230469	2133.795166	6781.3305664	1615.956665	179.4713593	8880.4023438	503.3834839	1010.3266602	6621.6328125	11137.5703125	6291.425293	195.9279633	10095.6640625	3372.5341797	11542.8291016	8855.7265625	4474.484375	7863.3999023	3370.4580078	12843.0097656	420.9798889	12049.7441406	11031.4755859	3569.3942871	9051.8447266	6318.4692383	4796.0810547	9890.1982422	10453.4140625	3693.2077637	10527.3867188	4195.1679688	8626.9082031	8052.9414062	1220.5073242	10231.1728516	11025.3427734	12193.5537109	8346.7646484	1715.0239258	3195.1315918	1491.072998	8716.15625	7193.8129883	7802.9677734	7557.7392578	3856.2119141	10154.3574219	1999.9598389	1824.076416	19369.2246094	294.6255798	12716.4365234	4723.8989258	4343.5541992	2923.4414062	4089.4890137	9603.7353516	5386.4926758	11396.4960938	241.2532806	1498.0493164	14712.5019531	6409.7919922	1070.7719727	11158.4472656	320.3904419	6877.0571289	11363.9189453	1907.6807861	5595.5629883	1196.8444824	4105.5742188	1331.0699463
E33	563.0563965	8514.8964844	7993.9399414	14832.0322266	6323.0976562	669.5437622	837.2672729	1992.5830078	372.0769348	3879.4375	7820.9199219	2537.645752	53.0471191	10559.7304688	903.4623413	1930.5062256	1300.8919678	892.7396851	130.9237671	3710.6523438	760.2164917	13581.2734375	7012.3393555	672.0797729	8027.2368164	1887.7590332	5222.9389648	440.8740234	16.3480167	8416.6923828	142.9368896	298.3668213	6079.1699219	10096.6074219	6334.5073242	35.5847473	13710.6123047	1694.7888184	12337.7060547	6104.2670898	2178.9689941	5699.9228516	1598.5024414	7103.7441406	71.3366852	9683.3017578	12388.421875	2821.9633789	8872.0302734	3459.5183105	2956.4467773	9820.2363281	9096.4873047	1001.4830933	12653.0751953	1161.4827881	6386.0175781	6736.3154297	205.4439087	7687.1098633	13350.9033203	16865.8222656	6084.5644531	1049.067749	1697.0350342	376.9141541	8587.4511719	4085.5419922	7450.0595703	5056.4682617	2147.394043	8747.1240234	510.3080444	624.0352783	27890.4824219	58.3424644	10529.1484375	3219.1049805	1887.8225098	1706.2838135	1917.7423096	11571.9580078	4455.1083984	15068.5390625	34.6855888	271.8078918	23443.2382812	5971.6245117	233.8859711	9250.0917969	47.7410355	5995.4931641	17945.7070312	1049.7606201	3339.8786621	356.6177673	2429.6760254	182.8181763
E34	776.8759155	9627.7890625	14518.0693359	17586.7714844	7520.5	1986.8294678	1243.866333	4321.0083008	745.3162231	6303.8959961	11133.4482422	4385.7915039	144.3298492	14559.0458984	2619.3117676	5816.15625	2606.9858398	2829.7851562	307.515686	5386.1811523	1273.4329834	12327.8632812	9300.8027344	1813.2127686	7803.4121094	3317.5422363	6609.9609375	1032.7362061	37.3788528	11598.8457031	356.6796265	135.8291473	8047.3349609	13602.3193359	7952.4926758	117.0932236	11851.0693359	2770.5466309	14829.0117188	10250.5341797	2983.1054688	7844.2543945	3236.3251953	11536.8105469	273.5879517	13049.3564453	12741.3544922	3189.7641602	9121.4921875	5879.3671875	3997.2297363	10420.6025391	11151.6679688	2340.9758301	12407.5	3451.9956055	9407.7724609	8534.2744141	162.8878021	10583.6435547	15110.7783203	14590.7587891	10993.6884766	2059.7290039	2971.7324219	1287.0085449	10725.9306641	9277.9208984	9811.1132812	8054.1064453	3810.8029785	10952.2841797	1837.9329834	1649.0646973	26496.7832031	473.8356018	16198.1533203	5512.8764648	4406.5932617	3637.7072754	4485.0351562	12282.2861328	6686.6699219	14809.2714844	242.9868927	1385.5517578	16122.5849609	9029.4492188	953.0219116	15483.9267578	264.0358582	9400.8154297	17375.0234375	2642.1220703	8409.359375	1701.8355713	6148.8149414	893.8321533
E35	753.7556152	8148.8706055	9482.8896484	14328.0791016	6222.4365234	1119.9124756	356.1336365	1693.7531738	109.2735062	2641.1499023	7617.3720703	1299.6291504	34.5863876	8828.4384766	908.4731445	2405.6872559	837.0938721	914.6776733	50.869957	5002.3144531	400.1752625	11391.2617188	6128.9692383	381.3670349	3955.6967773	3063.9519043	3017.8085938	481.9960632	2.3392069	10556.6650391	56.9611664	211.2562866	5973.3120117	9261.2509766	3710.3044434	22.9279652	10787.6767578	1149.2546387	15237.1230469	5232.2607422	2198.807373	4968.6411133	1376.6551514	8020.5307617	45.5175896	8455.2421875	8349.2871094	2546.215332	5170.0039062	3155.1306152	2487.876709	7743.1196289	5552.8447266	516.0966187	9539.9248047	916.1422119	4770.4584961	3772.9504395	21.4146347	7433.4189453	11090.5527344	17113.0585938	6108.1733398	1166.1513672	1553.3596191	443.2703857	6820.28125	3313.8598633	7699.3188477	3691.7924805	1641.5812988	6568.7983398	400.5401917	825.5411987	25171.2167969	47.5479469	10186.1484375	2893.4306641	1241.0389404	2491.7387695	1884.9127197	17051.8886719	4991.8027344	14116.5087891	37.2663765	460.7290649	15790.1464844	8419.5507812	750.2236938	11460.7763672	111.7649384	8354.5947266	18836.7519531	1486.6901855	5698.1357422	287.4488831	3565.7407227	252.2937012
E36	260.4511414	5504.6206055	6665.4379883	6795.6821289	3814.7331543	2639.2165527	1525.2995605	3652.263916	1120.2349854	4604.8457031	5274.0561523	3849.6916504	270.3822021	8091.5	2375.0483398	4142.5390625	2903.5634766	3121.6818848	822.2331543	3619.0905762	2379.8400879	5660.1489258	5466.4072266	2959.5107422	5658.4975586	2225.9157715	4686.7998047	1741.3345947	265.061676	5531.5791016	551.0534058	594.5376587	4950.9726562	6791.4921875	4362.0385742	220.2627106	5667.4008789	1962.2733154	6351.8647461	6203.012207	3891.5217285	5221.9726562	3309.5073242	9009.2558594	782.4924927	8951.7255859	7298.4438477	2101.142334	6035.3671875	4874.1347656	3788.3149414	5242.5131836	6852.2543945	2970.9660645	5347.2519531	3324.1638184	5256.4892578	5812.5673828	977.7805176	6817.8583984	5521.4555664	6323.3168945	5342.5244141	1843.9641113	2986.9472656	1354.1201172	4859.0229492	4836.1166992	5037.4272461	6149.2128906	3743.1970215	5663.1098633	2180.1115723	1836.0411377	8567.2109375	257.5159912	7142.8037109	3839.1386719	4107.4287109	2818.5539551	2999.6943359	5601.1323242	3301.7192383	6356.1508789	356.283844	1818.8276367	6398.1318359	4612.4121094	1131.0043945	6699.6894531	643.5697021	4707.2641602	6237.6352539	1924.9107666	4472.2084961	2074.9067383	3797.2407227	1973.237793
E37	760.6954956	13398.3837891	18655.4746094	18562.78125	11876.6777344	5136.612793	2115.2487793	7906.2338867	1703.055542	10949.5292969	16269.1884766	8042.9458008	447.7068176	17695.9082031	3461.5322266	6337.5141602	5591.7558594	4790.7109375	655.5919189	7653.9711914	2271.8918457	15320.3691406	13960.3330078	6540.925293	14332.4267578	5740.5942383	9423.2998047	3051.4882812	110.2466965	14737.5703125	373.7912598	3406.7536621	13973.6513672	17482.9003906	10161.6767578	1129.6652832	17298.5351562	6040.1616211	20807.1523438	13242.1796875	5654.2792969	11644.0546875	6081.2661133	18513.515625	455.311554	19579.3203125	17429.2734375	7801.5244141	13495.7314453	9854.9023438	8564.7578125	14010.9775391	16139.0517578	7740.8310547	16100.8525391	5733.3144531	15492.8554688	12202.2617188	318.7561035	15620.1572266	17643.5078125	18538.1347656	16510.90625	3393.769043	6294.5483398	4027.4291992	14927.5205078	11055.8876953	15665.1835938	8685.8564453	8011.4433594	15410.2294922	2779.1518555	5186.1411133	29274.3613281	740.8173218	19402.3671875	7071.8579102	7672.8701172	6332.5722656	7247.40625	18290.5136719	10151.5419922	15913	236.0349274	3303.9655762	20960.234375	12348.2285156	1727.1271973	15618.1875	686.338623	10893.2158203	22294.9589844	3963.4694824	12008.1699219	2113.8310547	10381.9628906	2718.5244141
E39	2207.0864258	17648.3574219	20179.796875	19699.90625	12705.5214844	13739.203125	17660.28125	13217.4296875	14089.0771484	17647.9492188	17132.4238281	19603.5585938	4000.2512207	37546.1171875	13691.1884766	11627.0078125	13246.8496094	19281.9550781	10759.6992188	13124.0429688	25848.9433594	19414.5292969	18018.3710938	19446.7929688	22667.6308594	4161.3374023	20189.9648438	11548.8818359	4976.7490234	19468.9042969	4228.3300781	7540.9799805	17624.8027344	3202.2407227	14739.7773438	5093.3515625	17284.5644531	14262.1679688	17224.6113281	17803.9882812	17868.4355469	17944.8183594	14787.9511719	40333.5742188	16890.8046875	39106.9140625	25233.5058594	11521.7802734	20423.0683594	21340.7558594	16734.9785156	19019.9101562	25170.2675781	19473.6464844	15975.8359375	16160.125	19039.8691406	23170.5488281	8121.7368164	22183.8691406	16676.1132812	19248.15625	19619.2675781	4443.3027344	13216.2978516	9877.4638672	13487.4052734	15439.8369141	12824.5888672	18163.6757812	16172.6005859	19736.4355469	16137.0400391	10797.5351562	24251.6328125	2694.050293	23285.3886719	11633.3037109	21294.4667969	10461.6845703	13284.5332031	17178.328125	11217.6650391	17263.8574219	7980.7207031	10458.6162109	20947.609375	14537.1669922	14714.1054688	19757.6621094	6477.175293	13390.5546875	18055.6582031	8782.6669922	11884.2519531	11529.3242188	13510.4726562	9390.8876953
E40	1084.5601807	21278.671875	25696.2714844	31538.5507812	14269.1357422	5032.9492188	2567.4331055	9207.8339844	2020.7392578	11801.2333984	22387.0683594	9656.4287109	392.4083862	26922.1308594	5112.6503906	11184.2636719	9329.90625	6610.0869141	1525.9552002	11005.5908203	3794.2680664	24199.203125	16575.5488281	5151.9150391	17474.5410156	3614.8955078	13915.0214844	2720.1928711	112.2775345	20544.3300781	188.4417419	2515.331543	16302.9951172	28981.9003906	11394.5507812	530.9279785	24940.2851562	6342.1181641	28756.09375	18480.9433594	6117.2299805	15903.6777344	7077.4580078	24914.4082031	380.5125732	21976.3417969	26541.8652344	7522.6992188	15340.6630859	10533.4853516	12207.4980469	24422.6289062	21995.9003906	7153.0917969	23246.3613281	6284.8579102	24952.7382812	16838.5351562	971.7756348	21995.09375	25613.9394531	32948.6367188	20378.1425781	2885.2548828	7411.3334961	2803.3005371	18347.3730469	15116.3134766	16184.1621094	11471.4570312	7682.6699219	24237.0449219	3734.3303223	4150.2177734	45372.7617188	486.3059387	29261.59375	8809.7119141	9937.0820312	6182.8466797	11601.8251953	28671.65625	11677.2705078	24700.6425781	309.1921387	4035.4777832	27711.9765625	18718.1152344	1942.2587891	22701.7304688	928.0637207	15271.8242188	31731.9238281	4029.920166	19475.7421875	3762.1645508	18652.7128906	2985.6713867
E41	2619.090332	26611.5996094	27960.4277344	49583.7460938	9504.2285156	1975.8110352	839.746521	6210.09375	489.8888855	7302.3583984	22663.2597656	3818.5625	48.6230354	28814.0078125	1305.0914307	4969.6708984	4392.8452148	1202.8677979	312.7219849	10284.8476562	473.5103149	29424.0351562	7879.5185547	259.9521179	6525.8388672	4837.9716797	6580.4912109	646.3858032	11.9251099	17514.9550781	42.9320374	340.8190918	8834.1240234	26844.6171875	10756.8066406	29.4152546	23060.9042969	2183.7949219	36212.359375	15803.484375	1671.1055908	10260.6455078	2115.5319824	14215.9765625	57.8341713	17748.8769531	22169.4296875	6943.5571289	6884.9243164	3724.9592285	4813.9448242	21894.2929688	13250.7109375	1941.0821533	22988.828125	2302.017334	21743.7421875	11761.03125	14.219512	20525.8320312	41594.8671875	50874.5429688	11964.515625	1787.0239258	2090.907959	801.0515137	13916.1015625	19106.6777344	14385.4375	5935.0532227	3189.6403809	18252.7714844	957.4910889	1724.0352783	71150.4765625	63.2785378	23809.96875	6036.7714844	2342.0043945	2297.4414062	4486.7773438	42096.1367188	7995.4482422	34001.34375	1354.8776855	742.9655151	29291.6289062	18948.3964844	657.9956055	29218.265625	151.7450256	11778.4277344	59829.5546875	3219.4318848	19944.8730469	1126.1644287	14448.5742188	471.2167969
E46	922.2142944	18069.9824219	24967.0683594	46856.0507812	12672.9619141	2872.4609375	1104.5438232	7651.2211914	742.444458	12887.9082031	26126.6289062	4132.5874023	118.5863876	29402.3007812	1267.3978271	7589.0039062	5100.9858398	2878.6652832	3946.0537109	12562.5996094	561.6391602	28551.7148438	13280.8583984	1347.1489258	11534.5019531	9361.1923828	4607.5043945	1705.7991943	12.4096918	28644.6796875	57.199028	687.2160645	13795.5273438	38988.7421875	9978.6953125	59.2372894	29123.6503906	5140.8569336	33604.2578125	20630.6464844	3275.4968262	18358.3085938	2976.8769531	26107.1523438	73.0502548	25603.8808594	23840.8203125	8364.9228516	11158.4697266	9653.6855469	8202.8896484	27538.3261719	18929.2109375	5175.0336914	28349.7050781	4382.9394531	18594.7851562	12922.1171875	224.0682983	22407.9257812	33686.765625	48379.2617188	19441.7285156	3399.4421387	3865.0571289	1676.8712158	18663.1386719	15682.2666016	20634.7128906	13540.8193359	3647.6306152	27675.8476562	5634.1787109	4225.0410156	67944.2578125	161.0319672	31063.9511719	9622.8798828	5152.6884766	8282.3066406	7339.144043	48421.5703125	13293.9804688	39994.3398438	86.7205276	1253.2069092	39848.3789062	18944.6171875	867.9035034	28646.4238281	324.2987976	21379.6699219	47177.8359375	3915.5727539	14841.421875	1326.6800537	9403.4541016	1437.2796631
E47	736.5864868	22713.2675781	27705.8339844	33890.6484375	15293.3984375	7518.9814453	2872.2028809	10525.1621094	2967.0812988	14811.3291016	24313.0351562	10672.1621094	775.1727905	28983.7304688	4712.7202148	11984.1279297	11455.7041016	7024.9545898	2028.7354736	12734.4423828	4531.7421875	22845.3867188	18485.5	4876.6650391	18408.1855469	8845.3417969	15088.6787109	3651.8701172	179.8942719	22972.9765625	269.8252563	1889.1557617	17490.0234375	29247.5234375	13428.8505859	291.5678101	24030.9707031	6213.4345703	29937.5351562	22438.0625	7904.4536133	19602.7949219	9703.1328125	27166.3789062	555.8341675	25936.7128906	24034.8476562	7437.309082	17166.2226562	12290.359375	13387.4082031	22900.8164062	22154.6640625	6821.0581055	24232.1308594	7648.1206055	22263.1269531	18450.4375	151.8585358	22492.3457031	25369.9921875	31374.9472656	22608.8125	4843.4423828	8301.5527344	3240.7209473	19460.4882812	20757.5976562	21272.2695312	15132.8564453	8974.0742188	21603.6328125	4772.6875	5685.4707031	40922.0546875	296.9451904	27606.140625	11467.9589844	10416.8789062	9567.4638672	12268.9257812	32185.1914062	15448.1777344	28601.6855469	444.8034973	5653.0048828	26672.2734375	20255.6035156	2280.1623535	25817.1875	1019.6972046	17614.8457031	30673.8691406	5248.2348633	18567.7617188	3681.595459	15468.0742188	4566.734375
E50	770.9586182	26443.0898438	24141.6777344	29458.4257812	18242.1601562	2969.9538574	1666.9907227	8567.6259766	1377.8974609	12608.2705078	20998.3203125	7353.8291016	269.670166	28238.1777344	3257.940918	8383.1318359	5840.2768555	3452.3139648	539.892395	11484.328125	1766.3814697	30833.7324219	23637.4941406	2161.4042969	19621.6015625	5660.2568359	13977.1259766	2190.8503418	49.4185028	23190.1171875	183.3009644	1140.5025635	18801.5917969	33297.4570312	11474.8212891	119.6101685	27497.6757812	4684.7143555	30108.8125	18250.9628906	5033.0869141	15721.5136719	4440.0639648	22121.5917969	227.3718567	22090.6894531	26345.2246094	7174.6953125	14472.4882812	8098.9633789	10642.7021484	21694.4277344	18920.3105469	4443.1689453	29220.84375	4324.5947266	18130.0957031	15681.4550781	40.7414627	21890.7949219	27652.4921875	44856.5390625	17760.5019531	3136.5100098	5046.4780273	2506.7724609	23987.203125	12222.8134766	22077.1289062	11347.2236328	6480.5024414	23030.1015625	2419.0847168	3354.317627	62194.4609375	241.8264771	29294.4882812	8278.3222656	7167.3505859	5789.5722656	9018.1269531	36415.7890625	13569.8525391	34281.7226562	129.2008667	1631.7487793	43176.5625	19047.0078125	1887.0131836	27060.4921875	535.1912231	14816.6962891	36409.6132812	2676.4038086	13090.3300781	564.2355347	12194.0371094	1455.1817627
E51	1284.90979	22155.3613281	23953.8671875	30269.3046875	13184.4960938	3520.8986816	1831.3410645	8309.9101562	1207.3461914	12285.9208984	20281.3515625	9333.5712891	244.3036652	26386.8925781	3278.0375977	9189.6171875	7871.0092773	3328.1403809	807.4394531	10969.7763672	2463.5412598	23424.75	15304.4140625	5916.8085938	14797.2177734	7378.2890625	11407.2734375	2887.1220703	56.9515419	23213.828125	233.8543701	141.2210999	14289.9082031	28362.4140625	11287.4931641	158.8855896	21187.6035156	5423.6210938	24282.7109375	17947.5214844	5158.9130859	14958.3320312	5139.8916016	24729.7011719	346.7537537	23864.8457031	22756.421875	7880.0449219	15449.2158203	10551.6816406	10156.4726562	21629.4726562	19096.7539062	6244.2802734	23121.5878906	6737.3964844	16804	17036.5625	1077.1950684	20933.3398438	24734.6738281	33198.5117188	18190.5195312	4108.4101562	5700.1928711	3257.1674805	18381.8027344	18505.8554688	18634.0488281	13294.6542969	7814.7485352	22330.96875	2825.8884277	4580.8823242	43007.5976562	631.9269409	25072.15625	9297.9882812	7175.5712891	7430.090332	8620.5986328	30263.2070312	12234.5810547	27467.578125	773.3536987	3712.364502	27283.7265625	21253.1386719	2719.5439453	27749.8398438	997.9003906	19240.5644531	30532.8515625	5747.3754883	18753.4414062	2494.5822754	11704.8984375	3562.510498
E52	1315.7894287	22180.8066406	21838.0742188	47819.9023438	6844.940918	1272.9078369	520.6727905	4184.7363281	426.2991333	4817.3125	18774.2285156	2187.5708008	74.8481674	21478.1855469	488.0645142	5943.9916992	3176.3942871	1726.8719482	189.242157	7235.3857422	423.34021	24595.796875	11080.0371094	431.5265808	7620.9145508	2574.1928711	4250.6347656	573.5039673	6.1013217	19343.4335938	25.2233009	262.3165894	7780.1010742	21345.5917969	7140.9467773	28.8771191	23038.9746094	1629.5279541	37726.3632812	12828.2109375	1846	8884.3955078	2082.9162598	13156.6494141	41.0653267	12288.0732422	21696.1972656	5435.5893555	9554.0039062	3590.4448242	4867.9829102	23388.2324219	12312.9658203	1814.1932373	23533.3398438	1649.8620605	15970.3759766	9072.9238281	81.4536591	15430.3144531	33788.3359375	51877.5078125	14260.6396484	1639.1992188	2046.6710205	631.2403564	15937.0322266	9923.3271484	15320.4755859	8001.9628906	2353.6552734	17819.734375	607.5714111	1532.2587891	58405.09375	71.6118698	23024.1347656	4749.4980469	2157.8354492	3112.6035156	4103.4584961	45512.5664062	4960.0146484	29817.8886719	76.0436707	598.1182251	27668.2929688	17169.2441406	1180.0877686	26747.6445312	144.509964	12438.2822266	42503.953125	2133.2770996	14652.7041016	16.0355549	8995.6943359	1114.8671875
E53	978.3909912	22568.2246094	31433.8945312	19715.7421875	13757.1103516	4555.3779297	1933.9907227	5831.3320312	2048.9914551	11225.0039062	24166.2128906	7396.8916016	338.4345398	17738.7304688	3370.3278809	8172.8476562	8278.5966797	5354.5786133	1074.9506836	6431.5478516	2398.9174805	11609.5292969	11217.2041016	4036.7075195	14897.3603516	6167.1044922	12948.3134766	2500.1967773	66.4581528	16620.8378906	147.9660187	1488.8693848	15813.5458984	20119.4511719	11351.0869141	380.7627258	20486.3535156	3304.6708984	24886.7460938	14797.2666016	5766.3789062	14139.5908203	6488.3496094	22263.0097656	389.1256409	16242.4931641	23764.90625	5125.3168945	13679.9921875	9349.3017578	14064.0380859	14588.1494141	22840.0644531	6368.5942383	18925.609375	5672.8447266	25841.6816406	13886.03125	271.0634155	16208.078125	21352.3632812	23200.1074219	22435.671875	3283.2509766	6332.3598633	2224.0085449	12117.8798828	9704.4160156	17501.6542969	8437.484375	8196.2070312	13164.2802734	2866.6606445	3513.4882812	29346.6738281	311.8401794	23281.5449219	8438.0146484	7464.28125	6696.1079102	11096.0869141	21902.2753906	13483.9111328	17527.2421875	404.8078613	5514.7094727	21105.3125	13590.4775391	3262.2807617	13765.2695312	1136.2789307	11683.6298828	33147.2265625	6181.9814453	22404.9570312	4028.9555664	15932.9072266	4693.9511719
E55	890.7969971	20664.796875	15011.8574219	15465.5839844	10309.1269531	3707.7280273	1710.3226318	6093.6469727	1428.111084	10731.1708984	11990.2119141	7821.9501953	253.8900452	16421.0917969	2612.7258301	8458.53125	6908.2158203	5096.1196289	889.6681519	6555.2905273	2087.505127	11257.2080078	10582.9140625	4310.8510742	12757.3603516	3850.9396973	10411.5566406	2939.854248	161.859024	13257.8369141	170.9466095	1974.3768311	12243.9775391	20435.9785156	9699.3867188	344.6059265	15177.6855469	4017.7268066	16724.3945312	13823.4345703	5454.8325195	13639.9277344	5024.152832	21997.0800781	638.3015137	17729.8398438	20076.4980469	4647.296875	11423.1289062	8288.2080078	10822.3876953	14516.0712891	17539.2929688	6923.0581055	15574.8486328	6836.4912109	14349.5410156	10616.7929688	431.9951172	15227.5605469	11395.5927734	19514.0625	11693.3779297	2777.5656738	5103.7324219	2047.3905029	11176.1845703	7161.6586914	10768.9511719	8808.4521484	7093.2460938	12343.1376953	2956.7053223	773.7000122	23816.0195312	357.9908752	16640.4316406	7052.8540039	6518.4677734	4608.8647461	6775.550293	14977.0371094	9112.5078125	17126.8828125	299.1222839	3269.6157227	19597.7519531	10273.1914062	2218.5043945	14187.4882812	730.5258789	10264.1054688	20981.0488281	4327.4697266	12956.5146484	2510.3999023	10147.9169922	873.7202759
E57	724.6691895	23462.0957031	30633.0273438	23563.7382812	11429.4833984	2460.9677734	1034.2211914	5149.6425781	618.6752319	9076.6289062	16022.1318359	7677.25	74.3612595	16834.2695312	1211.7956543	7020.4487305	3580.4553223	4327.2851562	469.2735291	6139.1191406	453.2680359	13903.6191406	11117.8271484	3173.659668	10604.9238281	3018.7148438	9025.1826172	1823.7362061	11.0704842	18082.5253906	210.1165009	840.4824219	11065.3261719	24736.5761719	8947.59375	162.2923737	18681.5292969	3658.043457	20185.3828125	14784.6835938	2764.5837402	14602.8544922	2751.8078613	24651.3925781	123.4974899	16647.0136719	23188.0585938	3976.369873	11359.0869141	8030.7548828	8858.765625	15603.1572266	20047.0820312	4601.2753906	18899.8183594	5033.3920898	21097.0175781	13805.3554688	78	15065.1572266	22867.7578125	25488.65625	18430.7285156	1915.0517578	3157.0439453	1196.6953125	11425.4980469	11507.7197266	11418.7734375	9695.2714844	3952.2314453	15193.7294922	1001.4776611	2343.1647949	35036.5117188	192.6712341	20980.7167969	6719.640625	5420.1601562	3832.6621094	6240.1049805	18802.9257812	9282.1728516	20367.171875	99.606987	1863.5762939	31369.296875	10315.3671875	1730.2938232	16445.5625	209.2788849	10970.9248047	28425.5820312	2889.2770996	11881.6992188	1221.6177979	7518.277832	1949.7203369
E58	899.9849854	24556.6386719	13970.9082031	21600.8691406	12202.1142578	2934.8063965	1062.4470215	5651.5234375	483.6282043	11474.5830078	14827.9638672	6173.125	118.70681	23208.7304688	1015.3386841	8044.6625977	3928.8779297	3924.5744629	978.4215088	7730.8144531	389.829895	18741.8574219	11343.7226562	2582.9147949	12872.3837891	3481.5341797	8225.0566406	1738.6654053	21.5330391	18318.3710938	40.0388336	1139.8140869	13734.6601562	27645.5390625	9649.4541016	170.9788208	21089.2714844	4571.012207	24832.7460938	14506.1992188	2807.4533691	16650.5546875	3402.2609863	27029.0292969	100.4924622	19763.4296875	28955.6679688	5880.2236328	10133.2080078	5594	6583.4936523	19832.7792969	15560.9521484	5273.8500977	18521.1269531	4200.8920898	16796.9257812	16927.8964844	144.6048737	17435.09375	15231.3916016	32342.0839844	11666.1376953	3112.6972656	3576.4255371	1070.69104	13904.2441406	5144.6074219	11885.6972656	7336.2924805	3078.7290039	19758.84375	2882.65625	2692.4118652	48174.5703125	109.6986313	20538.8945312	8975.625	4793.956543	3190.0180664	6648.0522461	24970.8945312	8283.6943359	26257.4921875	172.8908234	3021.088623	32814.4140625	13582.7265625	1040.1096191	19920.5253906	195.601593	13394.3701172	32415.1894531	2756.0046387	10417.8984375	754.2755737	11019.7685547	3885.7832031
E59	1653.7330322	25430.7929688	18727.3691406	33294.6679688	10483.3642578	555.2073975	587.1566772	2454.9404297	283.1794739	5319.5834961	11178.7675781	4911.5166016	67.7539291	17053.96875	874.0859985	4638.5678711	2240.3566895	1180.4710693	72.869957	3961.3427734	207.3865967	18929.9824219	8223.5742188	2555.4255371	6596.7822266	2780.2329102	6779.9262695	1040.3543701	6.9339209	22984.7011719	9.7572813	310.1859436	8439.8710938	20014.5019531	5246.2949219	138.9025421	17479.5507812	2675.0932617	26906.6171875	8552.2109375	1002.6087036	10169.6044922	1343.1625977	15834.3076172	54.4924622	16084.5664062	20334.6152344	4617.6992188	6899.5683594	5267.2939453	4284.09375	16445.8417969	9680.6591797	2171.7102051	17891.7558594	1740.4267578	17892.8867188	11522.4824219	32.9170723	15969.7070312	23970.0449219	38525.9960938	9727.1777344	730.9481812	1792.0394287	442.07724	16123.9912109	8358.4863281	9549.1572266	5732.9306641	2448.088623	16164.0507812	401.6785583	1048.6235352	54333.9335938	69.1141586	19683.8378906	3014.4118652	1367.307373	1766.9099121	2803.8254395	29830.2480469	4440.3891602	25620.5390625	45.3973808	682.7537231	21952.15625	13388.2001953	819.7587891	16926.8867188	598.1832886	8380.0927734	43285.2929688	2757.0280762	12747.1113281	332.3155518	7693.9628906	762.1398315
E6	46.5601501	9062.4873047	8919.2167969	25306.3789062	4295.2753906	189.3133698	607.5714111	752.5404053	151.3504333	2164.3291016	5780.5239258	1919.1999512	9.3821993	13361.8925781	1143.7043457	2818.9587402	705.6290894	708.8471069	115.0986557	4753.1049805	376.9742126	17626.1660156	4414.8706055	154.5372314	4688.5356445	2138.8354492	4404.7651367	950.7008057	29.8105736	11390.3984375	116.5339813	180.7336731	4592.9038086	8234.7226562	6441.2993164	18.0466099	9667.125	1048.9193115	16611.3242188	3513.0249023	971.2111816	2518.0817871	715.3596191	9030.2607422	57.8693466	7751.543457	8659.6992188	1652.8455811	6233.2763672	4727.90625	1436.9744873	9847.359375	5171.034668	334.0531311	6499.6640625	982.2241211	5765.7993164	4926.7705078	24.9609756	8298.015625	15176.3916016	29484.8847656	10134.5332031	1146.3306885	1461.6008301	466.2789612	7647.7695312	7504.4951172	6957.1835938	5174.4521484	1388.0048828	10009.1787109	183.3214264	996.8470459	20857.4140625	65.6894989	8716.8164062	3719.5317383	915.5627441	1474.689209	984.567688	19022.359375	3069.6552734	21506.5996094	23.9912663	294.6699524	18300.1074219	9262.71875	161.4912262	14153.5478516	24.9760952	5981.1279297	20069.9003906	832.9061279	4135.5341797	108.4355545	1939.7037354	717.1328735
E60	2902.9699707	24140.0214844	24326.3183594	41276.53125	7971.6821289	517.3963013	306.4976807	3582.1447754	151.803421	5527.4790039	13538.8242188	2972.1875	25.4345551	14065.7158203	257.473114	5880.9135742	1411.3708496	1506.0041504	56.3363228	2749.519043	103.0360794	18884.8457031	4344.2470703	1225.2606201	2915.720459	3012.4257812	3333.8564453	527.1063232	5.1013217	16082.7597656	1.6601942	526.2965088	5611.0732422	19214.7949219	4813.4345703	27.2923737	12004.2929688	2882.4162598	25890.5	11763.0126953	662.1738892	10055.1816406	1614.3153076	10893.2089844	34.0854263	8473.6347656	15276.8339844	4042.8779297	4743.5717773	2995.8122559	3618.9106445	15734.3222656	8328.25	2202.1496582	14388.9287109	1899.6120605	16730.5332031	13746.9863281	5	18322.4511719	20389.5917969	50522.0976562	12000.2890625	2101.4223633	859.8508911	294.0429077	5240.1889648	5892.074707	6467.3891602	3575.7075195	1532.5222168	15245.7617188	225.9375	1050.9588623	51908.9101562	40.6529694	17029.03125	2776.3781738	741.4891968	1570.1531982	1446.3842773	27501.1699219	4026.605957	26029.7753906	13.4148474	421.2019653	21420.8242188	14009.4736328	2039.4517822	16126.2324219	119.9203186	11085.6083984	51274.5390625	5304.3476562	13405.0869141	1018.3289185	9239	39.4545441
E62	727.1466064	13885.6289062	17391.0175781	12673.9345703	7274.3896484	4041.9492188	2149.2072754	4777.8466797	1865.777832	8676.4208984	10445.6640625	6397.1625977	326.2408447	14112.6689453	3059.3063965	7394.1689453	5904.840332	5574.1572266	1490.6905518	4829.3950195	3011.4638672	8297.7734375	7339.7900391	3709.4042969	8401.8720703	3284.2609863	7899.7783203	2482.6022949	216.9427338	10682.8867188	359.9077759	1166.1959229	8259.4677734	15359.5234375	6524.7827148	497.1737366	10190.0556641	3145.7019043	11040.7294922	11832.9003906	5472.1923828	11445.6542969	5101.1230469	17580.3027344	889.3215942	14158.9814453	13716.5380859	3136.2236328	9209.9394531	7338.628418	7908.6000977	10425.4384766	13704.4267578	5858.4926758	9471.3994141	5432.7670898	13248.6855469	11483.1757812	800.7365723	12233.4873047	10364.6533203	13613.6699219	11361.1240234	2667.8405762	4155.3422852	1626.0600586	6349.0922852	7115.6870117	8018.1728516	8340.515625	4582.3051758	9808.3349609	2589.9597168	2888.2763672	14563.9658203	253.00914	13392.7646484	6107.546875	5436.0087891	4254.4145508	5506.2006836	10932.2431641	6478.7143555	11861.8056641	378.0305786	3470.5812988	10076.9365234	8563.828125	2126.342041	9562.7080078	1616.0955811	7467.9033203	14170.5634766	5167.9951172	16028.6992188	4505.8754883	9951.4541016	861.9091187
E64	1495.6428223	12685.3964844	22262.3320312	20957.3417969	11563.7880859	2466.013916	15309.0185547	4272.9956055	12503	6627.125	18185.4882812	5338.1000977	1837.0837402	13598.7998047	11526.1240234	7739.2880859	10425.3476562	3253.2106934	7252.1616211	5036.6191406	13265.6904297	11643.2978516	18146.5488281	2912.6914062	22801.4550781	2399.8513184	21547.3613281	2958.0158691	1907.6651611	15674.4931641	4326.4516602	1218.5275879	17451.7714844	16814.7539062	15741.0576172	279.9152527	17203.4921875	3648.2919922	17609.7714844	10589.0371094	16789.0058594	10117.2089844	17101.4726562	12266.7207031	11528.2910156	12606.109375	26206.484375	3982.4187012	18466.4121094	8504.1464844	17487.2460938	14006.0078125	26238.1386719	4382.3476562	16248.1425781	5565.75	17317.7109375	10596.1806641	7827.1953125	9734.7646484	17525.8867188	18055.5273438	21949.0800781	1367.2868652	13782.5878906	1029.8411865	12617.6542969	11444.6591797	13629.6865234	8168.7553711	7227.5615234	12175.0830078	9065.15625	2795.1940918	26266.6191406	170.9452057	24221.9785156	4435.7265625	22561.1777344	2741.3378906	13112.8554688	14115.3173828	9193.2167969	10027.7324219	5724.7861328	1002.3349609	22572.078125	8882.3671875	11656.4082031	14434.4570312	4182.8764648	10099.4013672	18282.8242188	2153.3566895	9234.5146484	965.2311401	10903.9541016	907.2307739
E65	975.9473877	26241.1171875	24841.1894531	30635.6308594	13568.7373047	3778.3825684	1573.612915	9029.6171875	965.7307739	13471.4248047	18528.9121094	8668.9121094	236.0314178	24239.5683594	2746.4570312	8754.6835938	6408.2583008	5174.7519531	691.7578735	10399.4423828	1760.1031494	21246.1777344	14827.1914062	3465.5266113	12811.3789062	5238.1367188	9688.9609375	2382.1928711	47.4933929	22717.9589844	102.4417496	923.7387085	12579.6972656	30255.5546875	10547.8603516	196.9491577	12625.3623047	4807.6274414	28170.5996094	19765.5585938	4577.1923828	18318.1777344	5056.7929688	27636.3847656	260.1055298	23184.4746094	24138.5703125	6096.0649414	13951.8447266	11283.0771484	9383.8251953	24526.7265625	21440.6386719	5240.2416992	15458.9619141	7152.6123047	20484.4941406	16267.5859375	32.9219513	21836.3710938	23671.9082031	33737.5664062	18471.9199219	2953.9084473	4915.2807617	2275.5922852	16476.6640625	15485.9248047	17600.5234375	14285.5429688	6213.3745117	22927.3847656	2890.5715332	3734.1000977	45429.1992188	808.7123413	25376.1699219	9473.3818359	6286.1948242	5800.6035156	7544.3144531	28586.7617188	10783.1425781	29659.0507812	1006.2445679	2039.088623	31871.5957031	16745.65625	1326.2105713	25391.8261719	469.7290955	16374.8505859	33739.1210938	4239.1547852	16377.6894531	1816.8133545	10518.4726562	2509.734375
E66	849.7894897	15801.8535156	17700.1972656	16661.0703125	9670.2333984	6249.8525391	3132.0185547	7851.6000977	2743.3461914	11447.8330078	14006.0039062	10299.1210938	559.7329712	19655.8457031	4949.0107422	10522.0078125	7955.8310547	8272.2519531	2579.8833008	7495.4951172	5320.1855469	12942.4404297	11002.9501953	7199.409668	13391.7675781	4055.6787109	12226.9697266	4462.2163086	559.1497803	14335.3847656	484.8106689	2072.2612305	12553.7978516	18851.7753906	9529.3916016	812.9703369	15234.0732422	5187.8012695	15142.1884766	15602.3544922	8605.5029297	14469.8095703	6799.7485352	24117.5019531	1597.0703125	21637.4238281	18833.96875	5190.8413086	13579.7197266	11049.4003906	10897.2636719	14852.3818359	18544.0859375	8742.671875	13749.1552734	8083.6206055	16811.0703125	15781.7705078	1422.4342041	16668.1679688	13948.0566406	17549.1386719	14659.0400391	2989.796875	6827	3285.6179199	9983.796875	10220.6679688	11352.7675781	11523.9892578	4324.2167969	14352.6601562	4885.5131836	3616.105957	21321.3203125	573.8447266	18666.4453125	8428.3447266	9382.1425781	5960.378418	7976.9648438	14987.9785156	8956.0390625	15834.3789062	741.135376	4664.1230469	16787.8925781	10870.5917969	2360.3464355	15454.4658203	1470.6733398	11148.1142578	17533.8476562	5124.2817383	13290.421875	4861.5688477	11694.8613281	4026.8811035
E67	1568.8157959	20453.203125	22191.7558594	18161.7617188	11017.0292969	10397.6171875	13454.8251953	10690.8427734	9917.09375	16662.3867188	15117.9082031	17328.4667969	2371.1989746	30126.7460938	10192.0380859	13180.8027344	10930.6953125	17981.515625	7109.762207	9188.7900391	17844.7265625	14892.3457031	13363.7099609	16659.78125	18854.9003906	4465.4174805	18000.4921875	9994.5908203	3531.1101074	18925.453125	3117.4902344	7948.3720703	15346.234375	22287.0996094	13797.5898438	4537.1567383	15976.9228516	11630.8818359	15072.5351562	18131.4960938	15993.3603516	18987.140625	12523.6992188	40366.203125	13100.5029297	36495.8359375	23565.6464844	10692.2890625	18285.9238281	20082.4902344	15550.7578125	17070.5097656	24360.7578125	19065.8066406	13647.8486328	15004.7714844	14997.8554688	22716.8515625	3016.3852539	20373.2988281	14639.9189453	18443.4335938	17623.0800781	4166.3427734	10361.6181641	7344.7294922	10294.5068359	12414.2939453	11204.0107422	16453.9472656	13283.3642578	17160.765625	11888.1074219	7056.0527344	20223.1503906	2325.6164551	20800.7910156	11287.8242188	17551.7871094	8907.6259766	10277.4277344	14825.671875	10531.4970703	16948.8242188	5048.6113281	8553.3691406	18525.4101562	12112.9960938	12757.0175781	17802.2246094	3836.6413574	13213.7490234	17378.7109375	10441.1972656	14061.4560547	14066.5908203	11684.1484375	10430.9511719
E68	154.8421021	9662.25	9077.3691406	11805.0703125	6908.4956055	5542.3408203	2649.2995605	7046.7236328	2343.3417969	7905	8954.2080078	8107.6083984	501.6858521	15774.9228516	4043.5268555	7727.5268555	5065.5117188	6492.7602539	1578.0358887	7230.1430664	3222.3867188	11421.8330078	10193.1728516	7021.340332	10478.4980469	3032.0322266	8675.9824219	4573.5317383	341.6035156	8941.4570312	409.0048523	2024.1809082	8584.0595703	12093.7744141	6926.2705078	723.6143799	10363.9521484	3926.7143555	10795.8642578	10752.1494141	5406.7080078	9290.3095703	4555.6650391	16575.8808594	1142.9447021	15878.1230469	12192.9550781	4217.7885742	8972.8105469	7608.5019531	6554.3657227	10239.0673828	11071.4785156	7016.9130859	10936.3994141	6659.0561523	9977.8994141	10532.3242188	1091.668335	10848.8583984	9848.3105469	10236.5625	9530.2089844	2801.338623	5543.1269531	3550.5236816	9456.7695312	8538.1123047	8082.9243164	9963.3457031	3892.5024414	10581.7519531	3802.6027832	3591.6706543	15817.15625	820.4475098	12448.0302734	6712.1010742	7269.0390625	4552.8422852	6000.1264648	9615.9316406	5760.6108398	10942.5429688	463.4104919	3703.5368652	12602.0195312	8012.918457	1795.1228027	12520.2607422	1248.5179443	8153.0395508	9516.3828125	2804.0422363	7237.6992188	3294.3955078	8210.0185547	4364.6572266
E7	2407.9511719	18928.8066406	22602.0273438	16921.5605469	6584.4829102	4806.6542969	5512.8891602	6194.8085938	3385.0939941	11040.7626953	7561.8881836	12253.6210938	542.9790649	18582.0390625	7907.5322266	11548.2470703	5881.5820312	12670.0537109	4058.0761719	5908.6191406	7487.0566406	10719.9287109	7849.9321289	7331.7553711	11011.2460938	1525.9719238	12267.3955078	4727.7597656	2823.246582	12692.1357422	2504.645752	1729.3266602	8707.6103516	19666.6074219	7947.1884766	733.6864624	12733.8408203	6525.0683594	9738.7470703	14631.3603516	10017.2734375	16463.890625	6674.2167969	29625.3027344	3595.145752	24050.3007812	19990.9101562	3373.5812988	11857.6132812	14301.6982422	8390.7832031	15287.9140625	23288.6816406	9574.9560547	10776.0419922	9997.5605469	19175.375	20383.3066406	1880.3658447	14696.4501953	12532.6005859	16201.8662109	11187.7910156	2147.9841309	4690.0483398	1917.2060547	6769.746582	10079.8173828	5465.1728516	14090.8828125	4903.0839844	14039.6328125	6133.1118164	2610.8234863	15785.2587891	597.8584595	17696.0253906	7453.715332	10798.4199219	3537.5224609	5032.1835938	8631.4443359	5313.1181641	12606.9003906	1394.5501709	3509.6650391	15487.2246094	7998.4775391	3288.8947754	14497.5390625	882.8087769	8778.2773438	13575.9863281	4402.5209961	13298.1064453	7144.1645508	7507.0185547	5842.8740234
E70	616.3045044	17402.7578125	19956.2167969	17390.4394531	9471.2373047	6707.1796875	2962.0046387	8110.3618164	2168.1794434	12384.2167969	12787.6796875	11602.3291016	427.7591553	20386.3144531	4542.4355469	10150.5634766	8271.5585938	10075.1650391	1579.5336914	7685.6430664	3375.5463867	12363.9169922	10692.8701172	8164.324707	13014.7626953	3405.8674316	11919.3691406	5218.5629883	361.0792847	15397.6787109	340.4174805	2891.6833496	12196.6289062	19965.7539062	9538.7490234	950.6186523	15251.7373047	6448.7143555	13790.0878906	16208.5097656	7011.1738281	15598.0273438	6041.7094727	26420.5644531	1348.5125732	23870.8945312	17958.1523438	5494.8901367	13156.8330078	12874.1630859	10512.7148438	15663.3486328	19545.4863281	10973.3427734	13533.0927734	9831.2460938	17881.9863281	17291.9003906	1049.8341064	16172.1884766	13975.2900391	17620.5449219	15152.8046875	3111.4262695	6154.8554688	3861.527832	9831.9033203	11245.3037109	9591.1943359	12251.1757812	7634.965332	15401.5048828	3685.4597168	4893.2236328	20465.2988281	789.0136719	18514.1621094	8559.3222656	9266.2333984	6583.6308594	8033.1879883	14383.8408203	8886.3496094	15378.8105469	415.27948	5236.5810547	17175.6054688	11041.8037109	2853.5700684	15541.2460938	1117.5378418	11318.1757812	15727.8691406	5376.3427734	15220.7617188	5865.9912109	10892.7587891	4728.6015625
E71	1529.40979	25897.921875	27614.3964844	63382.3046875	12983.7587891	2375.1291504	833.9308472	7403.3320312	288.4401855	10709.75	23642.2519531	5776.3168945	84.3769608	31993.3085938	1113.6989746	6435.987793	3662.9248047	2081.6611328	208.3811646	11014.3193359	404.3608398	33902.2851562	9014.6972656	1542.6223145	8312.0712891	5759.3896484	8261.8349609	1742.9842529	12.0925112	34747.6835938	7.1359224	746.2311401	9455.6650391	37185.4882812	8940.4736328	28.6186447	26691.4707031	2309.1118164	35261.59375	19662.90625	1899.2174072	18928.0136719	2778.4580078	27698.6347656	63.6582909	21167.7988281	29690.7753906	6812.2319336	12412.1777344	8496.0576172	7893.1533203	24588.53125	20849.3359375	4057.8115234	28427.6171875	5110.1938477	25250.7597656	18085.8789062	55.4878044	23802.0996094	36168.9921875	53913.6914062	20744.5957031	1622.1992188	2129.7104492	1701.1373291	16431.4570312	25892.2753906	18101.9511719	10667.7607422	2770.8964844	24063.9902344	817.28125	2158.1293945	81840.8671875	110.0958939	31525.2089844	9888.7753906	3994.3981934	4948.6352539	6719.6635742	50123.6875	12839.2753906	40051.7421875	76.039299	940.1724243	45645.5703125	24013.5136719	1068.6403809	28801.0546875	261.4980164	18317.8320312	58207.6679688	4361.6196289	14276.2861328	1504.9511719	11714.4355469	1418.2657471
E72	2243.7819824	19645.0136719	48694.8398438	32399.4296875	21953.5546875	328.4239502	3724.9309082	444.4340515	2226.4187012	1778.0625	33096.09375	609.583313	524.8272095	5171.0463867	4449.0429688	1267.0081787	11412.2626953	798.3429565	1333.0941162	3819.3666992	3245.7680664	13492.6845703	21244.7714844	412.9946899	19649.3847656	1517.1325684	20574.1210938	625.0629883	71.9339218	10588.7236328	118.4077682	383.6733704	23974.3945312	13483.2041016	15801.5410156	121.9449158	37701.0273438	1056.6025391	44220.7890625	7346.8261719	7905.3974609	2761.2453613	7067.2709961	8169.4267578	305.7989807	7268.5205078	41409.7695312	4117.6542969	18602.0800781	1862.1020508	16398.515625	7118.9438477	33416.296875	717.8599243	38182.34375	819.1379395	38858.3320312	4083.8422852	533.7122192	6370.7905273	43535.6914062	31470.7148438	33331.7226562	483.0039978	7447.1186523	375.1459351	28587.5625	8976.4248047	22418.7832031	1846.0159912	6146.4829102	10027.5546875	4960.6025391	769.4705811	66471.890625	42.4520531	40162.4921875	2569.262207	10439.4414062	1019.4099121	10232.2929688	19322.7304688	14654.5712891	19203.2285156	1215.8427734	107.5714264	43994.5507812	6464.3183594	3454.2587891	7254.6391602	1156.9602051	3580.2644043	48023.9648438	2208.3098145	27974.6738281	205.4977722	24553.8886719	954.489502
E73	1766.3421631	29764.875	38672.0195312	31693.09375	15439.9833984	5670.0229492	2631.8063965	10605.140625	1727.0042725	12365.75	22297.1640625	12749.2705078	341.8743591	27621.4375	4201.9355469	13351.7451172	9344.0419922	8480.5869141	1545.9865723	10164.1669922	3005.9072266	22071.1660156	16742.1289062	5826.1328125	19405.5078125	2234.9758301	15574.3867188	2810.5905762	135.0220337	21077.1894531	200.3592224	1791.4321289	17389.5546875	30111.9003906	11757.0869141	374.3389893	27162.2148438	6133.2548828	30293.9941406	19920.8378906	6064.6582031	19187.0039062	6262.5810547	28078.8535156	529.286438	23083.0683594	32252.1171875	5768.4672852	15907.2011719	12073.4775391	11556.3447266	25634.3515625	29750.203125	8446.1591797	23453.5625	8492.0126953	31659.5449219	21873.03125	606.0682983	22151.1933594	29423.3984375	33697.9414062	24721.6132812	2243.8286133	6847.7763672	2096.4335938	17929.7695312	17630.0332031	13820.0976562	12978.9091797	6641.6455078	23230.0097656	7356.6694336	3828.5058594	47163.84375	471.630127	33077.1523438	9308.0488281	9789.3203125	4529.7929688	10819.0654297	23073.640625	10756.6943359	24289.2890625	299.7598267	3416.5664062	30183.6445312	15095.2001953	2163.5219727	23712.6855469	800.135437	13247.8808594	37425.265625	5127.3754883	21902.4667969	3661.4489746	18332.8242188	3455.4475098
E74	489.0375977	8965.1376953	11171.5849609	10170.2148438	7207.4023438	6420.9814453	6138.4702148	7156.3574219	4725.7265625	8282.5751953	9215.7998047	9372.2919922	1473.5078125	17081.2539062	5626.7905273	6898.2880859	6774.9624023	9072.8798828	4207.7397461	6745.3950195	9455.9794922	10015.8271484	10110.2714844	9919.1064453	12412.2324219	2328.1003418	10856.2480469	5647.2558594	1640.4625244	9563.7695312	1058.548584	4024.6533203	9988.3857422	10625.5546875	8317.3144531	1944.5889893	10412.5302734	5616.7514648	10458.3886719	9232.7451172	8983.3291016	9002.5546875	7254.5712891	17661.2792969	5187.949707	18119.59375	13893.3544922	5483.8740234	11167.4541016	10246.6083984	8582.1533203	9069.3974609	13839.9912109	9243.1542969	9630.1513672	7639.6464844	11713.2929688	11012.6445312	2405.434082	10680.4609375	9662.3632812	9370.3701172	10697.390625	2331.6135254	7133.3945312	4793.2104492	8816.8066406	8328.8505859	8038.9296875	9419.9628906	9473.1572266	9902.4082031	7432.6430664	4759.0585938	14792.5986328	1259.4840088	12545.2011719	6016.2509766	11030.8134766	5167.9326172	7238.4848633	8208.1220703	5931.2363281	8651.625	2456.026123	4513.9160156	11646.9853516	6810.7998047	5854.6313477	10432.8398438	2990.2072754	6633.2597656	10067.8242188	3803.4506836	7728.359375	5367.4443359	8282.8144531	4458.1748047
E75	624.5714111	24633.3105469	11201.0917969	16377.6728516	13244.6015625	8203.9677734	3154.7648926	11639.0634766	2242.5170898	16176.5830078	11728.3037109	10846.2041016	502.6858521	27480.7304688	3231.4033203	15793.6914062	8714.5068359	11299.1240234	935.5470581	10927.1376953	1786.5979004	22890.9589844	17728.5625	11277.1865234	18404.8769531	4155.6303711	13573.6220703	6130.5668945	116.7180634	16866.5429688	213.631073	4999.4975586	17895.1191406	29852.9628906	13739.5703125	1409.5212402	19259.5742188	10617.8505859	19908.3476562	22615.5273438	8902.7080078	20430.5546875	7797.4580078	34395.9257812	994.8994751	32333.9628906	29584.8027344	8831.7353516	14622.234375	12692.90625	12770.3876953	23645.3867188	18364.8496094	14926.0576172	23104.4082031	14074.8789062	14343.5722656	23503.2480469	495.0195007	25879.9746094	12400.0244141	26901.3652344	10879.7822266	4258.5737305	8013.1796875	4319.3134766	17401.5292969	3733.0842285	11556.9726562	15015.1542969	9467.3349609	23545.7519531	3218.1293945	5890.6762695	39348.1015625	1551.1552734	23053.8945312	11613.1494141	8173.7919922	5248.6845703	7759.1352539	20360.5078125	10330.6210938	23800.0136719	333.4890747	5275.9804688	28443.375	16681.7558594	2422.592041	23768.6386719	1290.067749	15984.2207031	21568.5625	5776.1879883	13688.3349609	3047.0400391	15411.7226562	5947
E76	286.4135437	8541.4609375	8011.6450195	10688.2900391	6754.5380859	7884.4379883	6954.8984375	7972.8637695	5781.5	8276.6162109	8625.9355469	9750.7871094	2282.4135742	21602.484375	5154.1826172	7157.7490234	6452.1079102	9112.7226562	4691.7446289	7583.7954102	8877.9228516	10590.4941406	10384.8330078	9373.4521484	11182.4169922	4058.9035645	10746.7089844	7068.0356445	1920.9206543	8835.7734375	919.1941528	4826.8491211	8808.3076172	9965.9472656	7304.9370117	2761.1948242	9237.9179688	6128.6459961	9327.7236328	9854.8574219	7289.8325195	9009.1591797	6608.6206055	21730.5117188	6293.8041992	19974.265625	11194.6503906	6871.6098633	8902.4433594	9466.1425781	7699.6254883	10128.5058594	10138.5693359	9734.4199219	9408.5458984	8890.7412109	8807.5283203	10591.4326172	2719.8098145	9603.3144531	8756.3183594	7633.1162109	10106.4130859	3803.8803711	7050.5263672	5996.0043945	8055.3271484	9515.2333984	7452.4106445	9057.7177734	8986.3203125	9244.8261719	7880.0444336	5152.6469727	13086.4082031	1793.2694092	12215.5634766	7177.1723633	9964.2558594	5872.8017578	6922.2138672	8397.7675781	6333.5864258	9646.5556641	2418.1921387	6099.9902344	10910.3662109	7266.4326172	5511.5219727	11671.3925781	4276.7568359	7826.6298828	8178.387207	4249.4130859	5891.4272461	6832.9023438	7987.7685547	5433.7060547
E77	1320.4248047	30354.0566406	46326.484375	22957.6171875	21711.9863281	12188.5527344	13635.8017578	12406.5957031	10993.4697266	21766.3242188	29984.0273438	20902.6582031	2481.1152344	36023.1679688	12839.3173828	14994.4443359	20997.2773438	21446.2734375	7568.6010742	10873.2099609	16107.3457031	17642.0839844	24472.3515625	16771.7988281	35381.140625	5650.3574219	33526.3828125	11375.2441406	2839.8457031	25372.171875	1668.2669678	8361.4072266	31086	29251.0898438	27661.4296875	3709.220459	34121.8085938	13514.3232422	29952.3886719	23749.90625	26928	25606.5722656	21584.3359375	54400.7070312	13570.4970703	44420.3671875	46235.9804688	11777.4677734	33632.3515625	23576.015625	30485.5195312	21433.890625	49690.0507812	24348.0195312	28891.4277344	18266.2285156	40551.4960938	29962.3144531	3522.3562012	26099.1894531	28678.3378906	24876.3398438	34794.5820312	4999.6254883	18751.75	7903.3305664	19461.484375	13872.3642578	21491.296875	18463.4140625	22853.5859375	20932.03125	14678.5888672	9007.9355469	41446.8085938	1951.123291	42048.828125	14416.4306641	27636.4511719	10706.4277344	20115.1484375	19094.2226562	21544.2617188	22524.4394531	4165.2358398	10758.9609375	37270.4882812	15525.3466797	15899.3857422	22018.4375	7297.0795898	16915.2246094	38219.6484375	12539.3564453	35254.1523438	15562.7558594	26660.6210938	13942.0908203
E78	761.6766968	15911.0478516	19968.7871094	13998.3740234	10324.5087891	8638.4609375	8485.6542969	8179.2553711	7351.5087891	13296.7167969	14546.9921875	13131.2333984	1844.7067871	22624.2460938	7561.0161133	10040.8193359	10872.7089844	14001.9541016	6689.546875	7416.7807617	13568.0976562	11782.9345703	12342	13004.7451172	16657.4023438	3484.5380859	15399.5517578	7482.5551758	2942.4272461	14455.0722656	1770.4320068	6281.5073242	14585.9033203	17442.3984375	11738.7099609	3410.4831543	14797.625	9354.5712891	13880.7529297	14309.0439453	14503.8076172	14679.1640625	12063.8320312	30356.0039062	9437.4423828	27767.6621094	21658.1113281	8018.6586914	15374.0947266	15614.0820312	14348.0087891	12373.9208984	22685.4140625	14861.4248047	12611.171875	11622.8789062	17901.4765625	18177.5761719	3978.9462891	16735.1464844	12644.9033203	15703.2363281	15868.2089844	3161.892334	10339.3242188	5955.609375	9415.0830078	9293.0048828	11039.6542969	12534.3935547	11443.8525391	13391.8486328	9432.2099609	6534.2060547	18630.8085938	1545.6575928	17929.59375	9081.2285156	14853.3466797	7401.9912109	10495.0478516	12444.9208984	9304.1279297	13237.8964844	3991.2575684	7359.9458008	16577.7128906	10287.5058594	10147.3554688	13480.2236328	3996.5776367	9880.8984375	16703.9003906	8015.112793	14549.7910156	11341.7558594	12208.5087891	9735.5175781
E9	1112.8834229	15099.5253906	9436.6494141	20114.7753906	8338.0419922	1578.7097168	926.9815674	3487.8596191	742.5384521	7061.2290039	7269	3740.8833008	147.2879639	15677.1923828	2073.1936035	5261.5639648	4445.3613281	2372.2976074	1986.9237061	7259.0429688	3070.2937012	18794.9941406	11712.4257812	1078.6915283	9202.4648438	2127.9880371	6457.1523438	844.8700562	99.6740112	14671.2490234	254.0048523	335.4974976	7438.9130859	9628.1416016	8684.2226562	29.25	15440.0556641	2102.1367188	21950.1464844	12828.3164062	3828.6833496	9874.2822266	2808.5566406	14938.6162109	217.3618164	12915.2832031	16976.6367188	3483.0366211	10669.6777344	2828.7143555	4910.9746094	13970.7412109	13235.1464844	1717.3477783	15520.2265625	2416.2932129	11552.78125	8016.0087891	42.0146332	12809.3144531	14806.0039062	20584.7148438	9560.1337891	1339.6096191	2954.9343262	442.690979	11796.7509766	9266.0605469	9888.4589844	10820.3349609	4216.7783203	11742.7158203	3186.3393555	1640.4764404	42742.5507812	69.0684967	22736.03125	5111.4570312	3919.0649414	1967.2252197	3741.6899414	15936.5556641	6023.9951172	23243.2714844	240.6768494	968.8128052	22461.7558594	9819.6162109	675.1140137	17434.1230469	207.1394348	10332.6171875	24313.9003906	2193.6572266	10680.8007812	642.222229	7205.8520508	2121.0490723
