name	pos	ref_allele	alt_allele	samples_with_allele
E73	21	C	N	45
E73	190	C	N	8
E73	241	C	N	7
E73	321	C	Y	5
E73	2416	C	T	2
E73	3037	C	T	55
E73	14408	C	T	55
E73	23403	A	G	55
E73	25563	G	T	18
E15	21	C	N	45
E15	61	G	T	6
E15	241	C	T	48
E15	3037	C	T	55
E15	14408	C	T	55
E15	15324	C	T	29
E15	15906	G	A	6
E15	17690	C	T	24
E15	23403	A	G	55
E15	25433	C	T	29
E15	28621	G	T	24
E77	21	C	N	45
E77	61	G	T	6
E77	241	C	T	48
E77	3037	C	T	55
E77	14408	C	T	55
E77	15324	C	T	29
E77	15906	G	A	6
E77	17690	C	T	24
E77	23403	A	G	55
E77	25433	C	T	29
E77	28621	G	T	24
E14	61	G	T	6
E14	241	C	T	48
E14	3037	C	T	55
E14	14408	C	T	55
E14	15324	C	T	29
E14	15906	G	A	6
E14	17690	C	T	24
E14	20104	C	T	3
E14	23403	A	G	55
E14	25433	C	T	29
E14	28621	G	T	24
E34	21	C	N	45
E34	61	G	T	6
E34	241	C	T	48
E34	3037	C	T	55
E34	9491	C	T	2
E34	14408	C	T	55
E34	15324	C	T	29
E34	15906	G	A	6
E34	17690	C	T	24
E34	23403	A	G	55
E34	25433	C	T	29
E34	28621	G	T	24
E30	21	C	N	45
E30	61	G	T	6
E30	241	C	T	48
E30	3037	C	T	55
E30	10333	A	G	1
E30	14408	C	T	55
E30	15324	C	T	29
E30	15906	G	A	6
E30	17690	C	T	24
E30	20104	C	T	3
E30	23403	A	G	55
E30	25433	C	T	29
E30	28621	G	T	24
E28	21	C	N	45
E28	61	G	T	6
E28	241	C	T	48
E28	3037	C	T	55
E28	14408	C	T	55
E28	15324	C	T	29
E28	15906	G	A	6
E28	17690	C	T	24
E28	20104	C	T	3
E28	23403	A	G	55
E28	25433	C	T	29
E28	26194	A	G	1
E28	28621	G	T	24
E9	21	C	N	45
E9	241	C	T	48
E9	3037	C	T	55
E9	14408	C	T	55
E9	15324	C	T	29
E9	17690	C	T	24
E9	19779	A	G	1
E9	23403	A	G	55
E9	24900	A	T	1
E9	25433	C	T	29
E9	28621	G	T	24
E18	21	C	N	45
E18	241	C	T	48
E18	3037	C	T	55
E18	14408	C	T	55
E18	15324	C	T	29
E18	17690	C	T	24
E18	23403	A	G	55
E18	25433	C	T	29
E18	28621	G	T	24
E75	21	C	N	45
E75	241	C	T	48
E75	3037	C	T	55
E75	14408	C	T	55
E75	15324	C	T	29
E75	17690	C	T	24
E75	23403	A	G	55
E75	25433	C	T	29
E75	28621	G	T	24
E7	21	C	N	45
E7	241	C	T	48
E7	3037	C	T	55
E7	14408	C	T	55
E7	15324	C	T	29
E7	17690	C	T	24
E7	23403	A	G	55
E7	25433	C	T	29
E7	28621	G	T	24
E20	241	C	T	48
E20	3037	C	T	55
E20	14408	C	T	55
E20	15324	C	T	29
E20	17690	C	T	24
E20	19374	C	T	1
E20	23403	A	G	55
E20	25433	C	T	29
E20	28621	G	T	24
E6	21	C	N	45
E6	241	C	T	48
E6	3037	C	T	55
E6	3874	C	N	1
E6	4002	C	N	1
E6	10764	A	N	2
E6	14408	C	T	55
E6	15324	C	T	29
E6	17690	C	T	24
E6	23403	A	G	55
E6	25433	C	T	29
E6	25521	C	T	2
E6	28621	G	T	24
E6	29543	G	A	2
E24	21	C	N	45
E24	241	C	T	48
E24	3012	T	G	1
E24	3037	C	T	55
E24	14408	C	T	55
E24	15324	C	T	29
E24	17690	C	T	24
E24	23403	A	G	55
E24	25433	C	T	29
E24	28621	G	T	24
E47	21	C	N	45
E47	241	C	T	48
E47	3037	C	T	55
E47	3874	C	T	2
E47	14408	C	T	55
E47	14676	C	T	1
E47	15324	C	T	29
E47	17690	C	T	24
E47	17795	C	T	3
E47	23403	A	G	55
E47	25433	C	T	29
E47	28621	G	T	24
E37	21	C	N	45
E37	241	C	T	48
E37	1392	C	T	1
E37	3037	C	T	55
E37	4655	C	Y	1
E37	11455	C	A	1
E37	14408	C	T	55
E37	15324	C	T	29
E37	17690	C	T	24
E37	23403	A	G	55
E37	25433	C	T	29
E37	28621	G	T	24
E16	21	C	N	45
E16	241	C	T	48
E16	3037	C	T	55
E16	5977	T	C	1
E16	6980	T	A	1
E16	14408	C	T	55
E16	15324	C	T	29
E16	17690	C	T	24
E16	23403	A	G	55
E16	25433	C	T	29
E16	28621	G	T	24
E16	29366	C	T	1
E58	21	C	N	45
E58	190	C	N	8
E58	241	C	N	7
E58	3037	C	T	55
E58	5886	C	T	1
E58	8888	C	S	4
E58	14408	C	T	55
E58	15324	C	T	29
E58	17690	C	T	24
E58	23403	A	G	55
E58	25433	C	T	29
E58	28621	G	T	24
E22	21	C	N	45
E22	241	C	T	48
E22	3037	C	T	55
E22	8888	C	N	7
E22	10764	A	N	2
E22	10833	C	Y	1
E22	14408	C	T	55
E22	15324	C	T	29
E22	20936	C	Y	1
E22	23126	G	K	1
E22	23403	A	G	55
E22	25433	C	T	29
E13	241	C	T	48
E13	3037	C	T	55
E13	14262	C	M	1
E13	14408	C	T	55
E13	15324	C	T	29
E13	23403	A	G	55
E13	25433	C	T	29
E76	21	C	N	45
E76	241	C	T	48
E76	421	C	T	1
E76	3037	C	T	55
E76	14408	C	T	55
E76	15324	C	T	29
E76	23403	A	G	55
E76	25433	C	T	29
E41	21	C	N	45
E41	241	C	T	48
E41	635	C	Y	1
E41	3037	C	T	55
E41	10605	C	T	4
E41	14408	C	T	55
E41	14551	T	Y	1
E41	15324	C	T	29
E41	17690	C	T	24
E41	17977	C	N	3
E41	21057	C	T	4
E41	23403	A	G	55
E41	25433	C	T	29
E41	28183	G	T	4
E41	28621	G	T	24
E65	21	C	N	45
E65	241	C	T	48
E65	676	C	T	1
E65	3037	C	T	55
E65	10605	C	T	4
E65	14408	C	T	55
E65	15324	C	T	29
E65	17690	C	T	24
E65	21057	C	T	4
E65	21614	C	T	1
E65	23403	A	G	55
E65	25433	C	T	29
E65	28183	G	T	4
E65	28621	G	T	24
E50	21	C	N	45
E50	241	C	T	48
E50	3037	C	T	55
E50	10605	C	T	4
E50	14408	C	T	55
E50	15324	C	T	29
E50	17690	C	T	24
E50	21057	C	T	4
E50	23403	A	G	55
E50	25433	C	T	29
E50	27715	G	K	1
E50	28183	G	T	4
E50	28621	G	T	24
E67	21	C	N	45
E67	241	C	T	48
E67	3037	C	T	55
E67	10006	T	C	1
E67	10605	C	T	4
E67	14408	C	T	55
E67	15324	C	T	29
E67	17690	C	T	24
E67	21057	C	T	4
E67	21843	C	T	1
E67	23403	A	G	55
E67	23533	C	T	1
E67	25433	C	T	29
E67	27849	C	T	1
E67	28183	G	T	4
E67	28621	G	T	24
E53	21	C	T	1
E53	190	C	T	1
E53	241	C	T	48
E53	3037	C	T	55
E53	3874	C	T	2
E53	14408	C	T	55
E53	15324	C	T	29
E53	17122	G	K	1
E53	17690	C	T	24
E53	17795	C	T	3
E53	23403	A	G	55
E53	25433	C	T	29
E53	28621	G	T	24
E53	29635	C	Y	1
E60	21	C	N	45
E60	190	C	N	8
E60	241	C	N	7
E60	321	C	Y	5
E60	3037	C	T	55
E60	8888	C	N	7
E60	9267	G	N	1
E60	9272	A	N	1
E60	9491	C	N	3
E60	14408	C	T	55
E60	17795	C	N	2
E60	17977	C	N	3
E60	23403	A	G	55
E60	25673	T	Y	6
E60	25688	C	N	1
E60	25904	C	N	1
E60	27538	C	T	2
E60	28881	G	A	4
E60	28882	G	A	4
E60	28883	G	C	4
E62	241	C	T	48
E62	3037	C	T	55
E62	14408	C	T	55
E62	23403	A	G	55
E62	27538	C	T	2
E62	28881	G	A	4
E62	28882	G	A	4
E62	28883	G	C	4
E3	21	C	N	45
E3	241	C	T	48
E3	3037	C	T	55
E3	8888	C	N	7
E3	12484	C	T	1
E3	14408	C	T	55
E3	15324	C	T	29
E3	17690	C	T	24
E3	17746	C	N	1
E3	17795	C	N	2
E3	17977	C	N	3
E3	23403	A	G	55
E3	25433	C	T	29
E3	25673	T	Y	6
E3	25904	C	T	1
E3	28621	G	T	24
E39	241	C	T	48
E39	3037	C	T	55
E39	4002	C	T	1
E39	10097	G	A	1
E39	11083	G	T	4
E39	13536	C	T	1
E39	13625	A	G	1
E39	14408	C	T	55
E39	17795	C	T	3
E39	23403	A	G	55
E39	23731	C	T	1
E39	26454	T	C	1
E39	28881	G	A	4
E39	28882	G	A	4
E39	28883	G	C	4
E72	21	C	N	45
E72	241	C	T	48
E72	2416	C	T	2
E72	3037	C	T	55
E72	10764	A	W	1
E72	14408	C	T	55
E72	22904	A	W	2
E72	23122	A	M	1
E72	23403	A	G	55
E72	25563	G	T	18
E26	21	C	N	45
E26	241	C	T	48
E26	1059	C	T	16
E26	3037	C	T	55
E26	9120	C	T	1
E26	11916	C	T	14
E26	14408	C	T	55
E26	18998	C	T	14
E26	23403	A	G	55
E26	25563	G	T	18
E26	26455	C	T	1
E26	29540	G	A	14
E29	21	C	N	45
E29	241	C	T	48
E29	1059	C	T	16
E29	3037	C	T	55
E29	11916	C	T	14
E29	14408	C	T	55
E29	18998	C	T	14
E29	23403	A	G	55
E29	25563	G	T	18
E29	29540	G	A	14
E33	21	C	N	45
E33	241	C	T	48
E33	1059	C	T	16
E33	3037	C	T	55
E33	11916	C	T	14
E33	14408	C	T	55
E33	18452	C	T	1
E33	18998	C	T	14
E33	23403	A	G	55
E33	25563	G	T	18
E33	26813	T	A	11
E33	29540	G	A	14
E12	21	C	N	45
E12	241	C	T	48
E12	1059	C	T	16
E12	3037	C	T	55
E12	11916	C	T	14
E12	14408	C	T	55
E12	18998	C	T	14
E12	23403	A	G	55
E12	25563	G	T	18
E12	26813	T	A	11
E12	29540	G	A	14
E10	21	C	N	45
E10	241	C	T	48
E10	1059	C	T	16
E10	1427	C	Y	1
E10	3037	C	T	55
E10	11916	C	T	14
E10	14408	C	T	55
E10	18998	C	T	14
E10	23282	G	T	1
E10	23403	A	G	55
E10	25563	G	T	18
E10	26813	T	A	11
E10	29540	G	A	14
E11	21	C	N	45
E11	241	C	T	48
E11	1059	C	T	16
E11	3037	C	T	55
E11	8888	C	N	7
E11	11916	C	T	14
E11	14408	C	T	55
E11	17977	C	T	1
E11	18998	C	T	14
E11	22904	A	W	2
E11	23403	A	G	55
E11	25563	G	T	18
E11	26813	T	A	11
E11	28744	C	Y	1
E11	29540	G	A	14
E31	241	C	T	48
E31	1059	C	T	16
E31	3037	C	T	55
E31	6145	C	T	3
E31	6393	A	G	3
E31	11916	C	T	14
E31	14408	C	T	55
E31	18998	C	T	14
E31	19013	A	C	1
E31	23403	A	G	55
E31	25563	G	T	18
E31	26151	C	M	1
E31	26813	T	A	11
E31	29540	G	A	14
E40	241	C	T	48
E40	321	C	Y	5
E40	1059	C	T	16
E40	3037	C	T	55
E40	6145	C	T	3
E40	6393	A	G	3
E40	11916	C	T	14
E40	14408	C	T	55
E40	17285	C	T	2
E40	18998	C	T	14
E40	19170	C	T	2
E40	23403	A	G	55
E40	25563	G	T	18
E40	26813	T	A	11
E40	29540	G	A	14
E59	21	C	N	45
E59	190	C	N	8
E59	241	C	N	7
E59	321	C	N	3
E59	1059	C	T	16
E59	3037	C	T	55
E59	6145	C	T	3
E59	6393	A	G	3
E59	8888	C	N	7
E59	9272	A	W	3
E59	9491	C	N	3
E59	11916	C	T	14
E59	14408	C	T	55
E59	17285	C	T	2
E59	18998	C	T	14
E59	19170	C	T	2
E59	23403	A	G	55
E59	25563	G	T	18
E59	25673	T	Y	6
E59	26813	T	A	11
E59	27786	T	Y	1
E59	29540	G	A	14
E36	21	C	N	45
E36	241	C	T	48
E36	1059	C	T	16
E36	1681	G	T	1
E36	3037	C	T	55
E36	6446	G	A	1
E36	11916	C	T	14
E36	14408	C	T	55
E36	16995	C	T	1
E36	18998	C	T	14
E36	21146	T	C	1
E36	23403	A	G	55
E36	25563	G	T	18
E36	29540	G	A	14
E78	21	C	N	45
E78	241	C	T	48
E78	1059	C	T	16
E78	1513	C	T	1
E78	3037	C	T	55
E78	11083	G	T	4
E78	11916	C	T	14
E78	12534	C	A	1
E78	14408	C	T	55
E78	18998	C	T	14
E78	23403	A	G	55
E78	25563	G	T	18
E78	26813	T	A	11
E78	28089	G	K	1
E78	29540	G	A	14
E51	21	C	N	45
E51	241	C	T	48
E51	321	C	Y	5
E51	1059	C	T	16
E51	3037	C	T	55
E51	9491	C	T	2
E51	11916	C	T	14
E51	14408	C	T	55
E51	18998	C	T	14
E51	21432	T	Y	1
E51	22987	C	M	1
E51	23403	A	G	55
E51	25563	G	T	18
E51	26813	T	A	11
E51	29540	G	A	14
E51	29670	C	Y	1
E71	21	C	N	45
E71	190	C	N	8
E71	241	C	N	7
E71	321	C	N	3
E71	1059	C	T	16
E71	3037	C	T	55
E71	8888	C	S	4
E71	9272	A	W	3
E71	9491	C	N	3
E71	11916	C	T	14
E71	14408	C	T	55
E71	18998	C	T	14
E71	23403	A	G	55
E71	25563	G	T	18
E71	26813	T	A	11
E71	29540	G	A	14
E74	21	C	N	45
E74	241	C	T	48
E74	1059	C	T	16
E74	3037	C	T	55
E74	3330	C	T	1
E74	14408	C	T	55
E74	23403	A	G	55
E74	25217	G	T	1
E74	25563	G	T	18
E70	21	C	N	45
E70	241	C	T	48
E70	1059	C	T	16
E70	3037	C	T	55
E70	14079	T	A	1
E70	14408	C	T	55
E70	19008	A	T	1
E70	23403	A	G	55
E70	25563	G	T	18
E70	25688	C	A	1
E70	28093	C	T	1
E64	241	C	T	48
E64	442	C	T	3
E64	3037	C	T	55
E64	13965	C	T	3
E64	14408	C	T	55
E64	18816	G	T	3
E64	21365	C	T	3
E64	23403	A	G	55
E64	26078	C	T	3
E64	27207	T	Y	1
E64	28812	G	T	3
E64	29774	C	T	3
E66	241	C	T	48
E66	442	C	T	3
E66	3037	C	T	55
E66	13965	C	T	3
E66	14408	C	T	55
E66	18816	G	T	3
E66	21365	C	T	3
E66	23403	A	G	55
E66	26078	C	T	3
E66	27207	T	C	1
E66	28812	G	T	3
E66	29774	C	T	3
E68	21	C	N	45
E68	241	C	T	48
E68	442	C	T	3
E68	3037	C	T	55
E68	13965	C	T	3
E68	14408	C	T	55
E68	18816	G	T	3
E68	21365	C	T	3
E68	23403	A	G	55
E68	26078	C	T	3
E68	28812	G	T	3
E68	29774	C	T	3
E19	21	C	N	45
E19	241	C	T	48
E19	3037	C	T	55
E19	9733	C	Y	1
E19	14408	C	T	55
E19	15324	C	T	29
E19	16639	G	T	2
E19	23403	A	G	55
E19	25433	C	T	29
E19	29289	T	N	1
E19	29358	C	A	2
E55	21	C	N	45
E55	241	C	T	48
E55	321	C	Y	5
E55	3037	C	T	55
E55	8208	C	T	1
E55	9267	G	A	1
E55	9667	T	C	1
E55	14408	C	T	55
E55	17746	C	T	1
E55	21621	C	T	1
E55	22632	G	A	1
E55	23403	A	G	55
E55	23849	T	C	1
E55	25947	G	T	1
E55	28361	G	A	1
E55	28881	G	A	4
E55	28882	G	A	4
E55	28883	G	C	4
E55	29508	G	T	1
E57	21	C	N	45
E57	190	C	N	8
E57	241	C	T	48
E57	1469	C	T	1
E57	3037	C	T	55
E57	8888	C	S	4
E57	9943	C	T	1
E57	11083	G	T	4
E57	14408	C	T	55
E57	17493	A	T	1
E57	17678	C	T	1
E57	18657	C	T	1
E57	23403	A	G	55
E57	25673	T	Y	6
E57	27396	G	T	1
E57	29825	G	C	1
E52	21	C	N	45
E52	190	C	N	8
E52	241	C	N	7
E52	3037	C	T	55
E52	8240	C	T	1
E52	8888	C	N	7
E52	9142	C	T	1
E52	9272	A	W	3
E52	14408	C	T	55
E52	15324	C	T	29
E52	16639	G	T	2
E52	23403	A	G	55
E52	25433	C	T	29
E52	25673	T	Y	6
E52	29289	T	K	1
E52	29358	C	A	2
E35	21	C	N	45
E35	190	C	N	8
E35	241	C	N	7
E35	321	C	N	3
E35	3022	T	C	1
E35	3037	C	T	55
E35	6341	G	T	1
E35	8888	C	N	7
E35	13404	G	R	1
E35	14408	C	T	55
E35	15324	C	T	29
E35	17690	C	T	24
E35	19524	C	T	1
E35	20715	A	C	1
E35	21606	G	T	1
E35	23403	A	G	55
E35	24368	G	K	1
E35	25433	C	T	29
E35	25521	C	T	2
E35	26324	T	C	1
E35	28621	G	T	24
E35	29543	G	A	2
E46	21	C	N	45
E46	241	C	T	48
E46	1059	C	T	16
E46	3037	C	T	55
E46	5847	G	A	1
E46	8320	C	T	1
E46	8888	C	S	4
E46	11083	G	T	4
E46	11916	C	T	14
E46	14408	C	T	55
E46	18998	C	T	14
E46	23403	A	G	55
E46	25563	G	T	18
E46	25673	T	Y	6
E46	26813	T	A	11
E46	29540	G	A	14
